latitude,longitude,cluster_id
40.755727,-73.944583,0
40.755333,-73.944131,0
40.755751000000004,-73.945166,0
40.755751000000004,-73.945166,0
40.755751000000004,-73.945166,0
40.755751000000004,-73.945166,0
40.755751000000004,-73.945166,0
40.75529,-73.945633,0
40.75529,-73.945633,0
40.755635999999996,-73.94765699999999,0
40.755635999999996,-73.94765699999999,0
40.755635999999996,-73.94765699999999,0
40.780941999999996,-73.98096600000001,0
40.808293,-73.92333199999999,0
40.799659000000005,-73.938923,0
40.800096,-73.93860500000001,0
40.745863,-73.980233,0
40.782284999999995,-73.980476,0
40.802637,-73.936468,0
40.766216,-73.96997900000001,0
40.861762,-73.901965,0
40.814446999999994,-73.94792,0
40.835734,-73.91396,0
40.792132,-73.973409,0
40.771055,-73.92149599999999,0
40.800681,-73.96826,0
40.747144,-73.983698,0
40.779561,-73.95995400000001,0
40.825604999999996,-73.918258,0
40.739464,-73.987052,0
40.770747,-73.920354,0
40.829002,-73.937279,0
40.810255,-73.92192299999999,0
40.77036,-73.91889499999999,0
40.753067,-74.003811,0
40.764117,-73.95894799999999,0
40.760946000000004,-73.96139699999999,0
40.769096000000005,-73.912837,0
40.741535999999996,-73.98133299999999,0
40.756298,-73.963978,0
40.753751,-73.96597,0
40.754371,-73.96565,0
40.80891,-73.922209,0
40.846477,-73.896393,0
40.739137,-73.980148,0
40.739253000000005,-73.979762,0
40.739647,-73.979466,0
40.751224,-73.990592,0
40.744984,-73.982723,0
40.739762,-73.97969300000001,0
40.745496,-73.952966,0
40.739852,-73.979327,0
40.740612,-73.979079,0
40.864437,-73.894553,0
40.864458,-73.895115,0
40.864781,-73.894626,0
40.865167,-73.894227,0
40.844590000000004,-73.8598,0
40.844590000000004,-73.8598,0
40.887637,-73.835951,0
40.888783000000004,-73.840133,0
40.885284000000006,-73.838521,0
40.886621999999996,-73.83497,0
40.86473,-73.89903699999999,0
40.86473,-73.89903699999999,0
40.811544,-73.914138,0
40.812681,-73.939357,0
40.812681,-73.939357,0
40.812681,-73.939357,0
40.812681,-73.939357,0
40.812681,-73.939357,0
40.812681,-73.939357,0
40.812681,-73.939357,0
40.742094,-73.961265,0
40.741994,-73.961256,0
40.784612,-73.973407,0
40.740894,-73.978561,0
40.741225,-73.97893499999999,0
40.742321999999994,-73.985381,0
40.753139000000004,-73.907454,0
40.755088,-73.973276,0
40.742069,-73.977694,0
40.737885999999996,-73.996604,0
40.80682,-73.91765699999999,0
40.760659999999994,-73.998203,0
40.777241,-73.978629,0
40.854876000000004,-73.92939,0
40.805114,-73.966788,0
40.816188000000004,-73.90991700000001,0
40.75391,-73.900094,0
40.738278,-74.00567099999999,0
40.789621999999994,-73.970024,0
40.762336,-73.993368,0
40.741502000000004,-73.993593,0
40.815998,-73.908242,0
40.790444,-73.969155,0
40.756638,-73.986634,0
40.804706,-73.912933,0
40.791794,-73.968177,0
40.813128000000006,-73.908991,0
40.802979881999995,-73.9535307443,0
40.754507000000004,-73.89363900000001,0
40.739156,-73.999381,0
40.793402,-73.967005,0
40.789541,-73.96964399999999,0
40.756577,-73.97046999999999,0
40.742125,-74.004363,0
40.823646000000004,-73.91403000000001,0
40.752476,-73.970116,0
40.846889000000004,-73.941333,0
40.846472,-73.941722,0
40.8462,-73.941347,0
40.846444,-73.939981,0
40.846686,-73.940883,0
40.7931,-73.9354,0
40.777,-73.9252,0
40.846562,-73.94086,0
40.846383,-73.940706,0
40.824778,-73.942178,0
40.824131,-73.942464,0
40.824131,-73.942464,0
40.824131,-73.942464,0
40.824131,-73.942464,0
40.742419,-74.00444399999999,0
40.798716999999996,-73.963115,0
40.755015,-73.968276,0
40.755812,-73.96459499999999,0
40.756264,-73.964182,0
40.833736297399994,-73.85835521770001,0
40.81738,-73.917078,0
40.818017,-73.916791,0
40.822519,-73.91069,0
40.822338,-73.90942700000001,0
40.812079,-73.92659,0
40.812557,-73.926244,0
40.824131,-73.942464,0
40.824131,-73.942464,0
40.736913,-73.955453,0
40.734684,-73.955096,0
40.732735,-73.954581,0
40.7959199908,-73.9678485166,0
40.9004399098,-73.867942,0
40.874379814,-73.8783843503,0
40.834515209,-73.9396745829,0
40.7260506623,-73.9506902935,0
40.8446740907,-73.8830446904,0
40.8115962129,-73.92436634020001,0
40.7706525435,-73.95134169399999,0
40.7621860177,-73.9693817047,0
40.7723828899,-73.9287188126,0
40.8705019246,-73.8286579311,0
40.8256723738,-73.9480324189,0
40.8803222773,-73.9079833715,0
40.785959798600004,-73.9518056716,0
40.7649346184,-73.9912208178,0
40.7518915617,-73.9816985108,0
40.7552001994,-73.9442238947,0
40.7470624208,-73.9442436779,0
40.8827597562,-73.8939224115,0
40.8265919268,-73.9175826513,0
40.8312637226,-73.9017889765,0
40.818709352199996,-73.86288995609999,0
40.8548777848,-73.8641435801,0
40.7445100483,-73.9959597161,0
40.8460423249,-73.8983402556,0
40.8478700412,-73.93386591310001,0
40.7735069912,-73.9845468452,0
40.756857177600004,-73.9726324717,0
40.8862733773,-73.9146700146,0
40.8888948958,-73.8408371279,0
40.7848346367,-73.97745211590001,0
40.7768170122,-73.9094170178,0
40.8411050877,-73.84662165510001,0
40.8657295413,-73.9258533096,0
40.740808781700004,-73.9216691603,0
40.8137734314,-73.9570639052,0
40.7742029054,-73.9844546501,0
40.8148204092,-73.941197673,0
40.7649150063,-73.9595499458,0
40.7736058206,-73.9564040689,0
40.8299928753,-73.8750206002,0
40.760643117600004,-73.9364719875,0
40.745341713,-73.9097937387,0
40.8206415647,-73.9046288601,0
40.7481246964,-73.9830630999,0
40.7612533724,-73.95016588979999,0
40.7531840458,-73.9821581041,0
40.7346055255,-73.99916928430001,0
40.7380871204,-73.9820488896,0
40.8146886279,-73.9409529891,0
40.8440019118,-73.9100871445,0
40.870139703,-73.8450642753,0
40.8910850654,-73.8595812441,0
40.7438226298,-73.9799076544,0
40.7404654556,-73.9933569112,0
40.8690393929,-73.9011937916,0
40.758529267,-73.9186233204,0
40.8186874033,-73.8941356433,0
40.866804429,-73.86322248479999,0
40.826567080100006,-73.9359395884,0
40.757803428,-73.939309302,0
40.8629806052,-73.89450288649999,0
40.8480291101,-73.8569578538,0
40.7540678756,-73.9735677168,0
40.801846000000005,-73.945137,0
40.805974,-73.941244,0
40.805971,-73.940566,0
40.815346999999996,-73.947576,0
40.811568,-73.946537,0
40.806297,-73.943912,0
40.811684,-73.95004200000001,0
40.815936,-73.942971,0
40.812181,-73.937834,0
40.803490000000004,-73.956094,0
40.812186,-73.94795500000001,0
40.812598,-73.94629599999999,0
40.805058,-73.947815,0
40.805228,-73.947675,0
40.804279,-73.952533,0
40.806858,-73.949726,0
40.801137,-73.953778,0
40.806016,-73.9524,0
40.805429,-73.942537,0
40.800478999999996,-73.944696,0
40.798728000000004,-73.945598,0
40.797893,-73.948786,0
40.801527,-73.952822,0
40.805393,-73.953661,0
40.802337,-73.95670600000001,0
40.809398,-73.939561,0
40.808842999999996,-73.95049499999999,0
40.806412,-73.952662,0
40.805584,-73.950536,0
40.81277,-73.93765,0
40.80623,-73.95392199999999,0
40.805791,-73.954438,0
40.804269,-73.955388,0
40.801294,-73.957722,0
40.803087,-73.942356,0
40.804241999999995,-73.94178000000001,0
40.804958,-73.941374,0
40.805624,-73.942812,0
40.806569,-73.94497700000001,0
40.755839,-74.001961,0
40.777925,-73.951753,0
40.768775,-73.958386,0
40.759145000000004,-73.95326,0
40.76463,-73.966115,0
40.784267,-73.947114,0
40.753718,-73.932216,0
40.762073,-73.918518,0
40.753521,-73.914501,0
40.753746,-73.917703,0
40.75234817,-73.92659983,0
40.752724,-73.927183,0
40.753640999999995,-73.918402,0
40.756521,-73.92521500000001,0
40.763931,-73.922478,0
40.763207,-73.921267,0
40.741303,-73.91900600000001,0
40.773542,-73.981774,0
40.734673,-73.989951,0
40.762564000000005,-73.919579,0
40.74432,-73.953484,0
40.760686,-73.91557,0
40.754135999999995,-73.91981899999999,0
40.747793,-73.950086,0
40.748497,-73.949855,0
40.75522,-73.922448,0
40.765785,-73.919173,0
40.765402,-73.91835999999999,0
40.762278,-73.91171700000001,0
40.754488,-73.911687,0
40.73968,-73.92206999999999,0
40.768423,-73.961381,0
40.823926,-73.908549,0
40.825696,-73.927311,0
40.825815000000006,-73.92773100000001,0
40.825947,-73.928134,0
40.826103,-73.928537,0
40.826378000000005,-73.929249,0
40.826567,-73.926762,0
40.82707,-73.926461,0
40.827868,-73.926903,0
40.828148999999996,-73.92745699999999,0
40.827902,-73.92835600000001,0
40.827799,-73.928565,0
40.7415832891,-74.0047109131,0
40.7410467844,-74.001803398,0
40.743631720100005,-74.0059179066,0
40.7421021446,-74.00421107529999,0
40.810014,-73.93755300000001,0
40.795988,-73.94742600000001,0
40.808227,-73.952457,0
40.807543,-73.952793,0
40.811042,-73.941404,0
40.798959,-73.952396,0
40.805096999999996,-73.94704200000001,0
40.80409,-73.948564,0
40.809888,-73.939012,0
40.808338,-73.948989,0
40.814105,-73.940443,0
40.815132,-73.939685,0
40.814563,-73.94003000000001,0
40.797467,-73.950717,0
40.799703,-73.950994,0
40.799434999999995,-73.950994,0
40.803785999999995,-73.946159,0
40.798806,-73.949975,0
40.802617,-73.943026,0
40.801832,-73.943462,0
40.801111999999996,-73.94379599999999,0
40.797335,-73.946924,0
40.799721000000005,-73.944932,0
40.797893,-73.946259,0
40.772005,-73.982384,0
40.771442,-73.988109,0
40.771442,-73.988109,0
40.771442,-73.988109,0
40.771442,-73.988109,0
40.771442,-73.988109,0
40.771442,-73.988109,0
40.894246,-73.896288,0
40.893739000000004,-73.89622,0
40.844468,-73.88169,0
40.844141,-73.881968,0
40.876540999999996,-73.87845,0
40.876827,-73.878725,0
40.876855,-73.878874,0
40.876643,-73.87854200000001,0
40.878445,-73.87548000000001,0
40.876788,-73.876273,0
40.877001,-73.879322,0
40.876098999999996,-73.87738399999999,0
40.8762,-73.878749,0
40.7431927759,-74.0073877576,0
40.7425912548,-74.005064964,0
40.741839346300004,-74.0032571552,0
40.7427538286,-74.0076720715,0
40.7394860202,-74.0062665941,0
40.7444079933,-74.0066367391,0
40.7426075127,-74.00426030130001,0
40.7424774535,-74.0029621124,0
40.7422986209,-74.0007090572,0
40.743696748699996,-74.007017612,0
40.7415548385,-74.0011113879,0
40.741900312,-74.00185704270001,0
40.7439893758,-74.003412724,0
40.740998011500004,-74.0054512019,0
40.7402582786,-74.006003738,0
40.743406151799995,-74.0052151686,0
40.7427700859,-74.00171756729999,0
40.7409492377,-74.0034019945,0
40.7432415473,-74.0068030355,0
40.7434366339,-74.0036487581,0
40.7402745363,-74.0019750591,0
40.741846395799996,-74.0040446358,0
40.743306576100004,-74.0080261233,0
40.850173,-73.910282,0
40.758777,-73.96584,0
40.765193,-73.958062,0
40.811845,-73.95751700000001,0
40.814103,-73.955865,0
40.848083,-73.93451,0
40.742378,-73.988692,0
40.7431,-73.9883,0
40.7411,-73.987914,0
40.741875,-73.987364,0
40.742492,-73.986906,0
40.741479999999996,-73.98894,0
40.7729,-73.97399999999999,0
40.771,-73.9709,0
40.769506,-73.95460899999999,0
40.817157,-73.95336999999999,0
40.851831,-73.93177299999999,0
40.7451,-73.978821,0
40.8478,-73.912137,0
40.811544,-73.914138,0
40.811544,-73.914138,0
40.811544,-73.914138,0
40.811544,-73.914138,0
40.811544,-73.914138,0
40.811544,-73.914138,0
40.8177,-73.8811,0
40.8631,-73.9065,0
40.8285,-73.9227,0
40.841834000000006,-73.885974,0
40.846522,-73.893398,0
40.84619,-73.89219399999999,0
40.846434,-73.91295799999999,0
40.745071,-73.980374,0
40.772033,-73.92577800000001,0
40.745591,-73.979997,0
40.790401,-73.945683,0
40.790862,-73.945348,0
40.791481,-73.94489499999999,0
40.791282,-73.944218,0
40.792394,-73.94423,0
40.792297,-73.943988,0
40.793009000000005,-73.943784,0
40.794273,-73.942859,0
40.794911,-73.942397,0
40.797303,-73.940337,0
40.797835,-73.940256,0
40.797709000000005,-73.940035,0
40.798139,-73.94003599999999,0
40.80154,-73.937249,0
40.801899,-73.937289,0
40.802663,-73.93672099999999,0
40.80287,-73.93627,0
40.803515999999995,-73.93610699999999,0
40.803731,-73.936139,0
40.765879999999996,-73.963583,0
40.769566,-73.981841,0
40.769816,-73.98192900000001,0
40.769839000000005,-73.982502,0
40.773806,-73.98193,0
40.774723,-73.982005,0
40.774913,-73.982388,0
40.774894,-73.982571,0
40.774757,-73.982507,0
40.774646000000004,-73.9824,0
40.77539,-73.981829,0
40.775532,-73.981973,0
40.775795,-73.98235,0
40.77601,-73.98196300000001,0
40.776311,-73.981937,0
40.776523,-73.982321,0
40.776472999999996,-73.98243000000001,0
40.777136999999996,-73.981904,0
40.778148,-73.98225500000001,0
40.778607,-73.982178,0
40.779096,-73.982054,0
40.779331,-73.98199,0
40.780019,-73.98139599999999,0
40.780321,-73.981311,0
40.780826,-73.981173,0
40.780819,-73.981571,0
40.780993,-73.981523,0
40.781473999999996,-73.980961,0
40.781707,-73.980827,0
40.781843,-73.98083299999999,0
40.781984,-73.981184,0
40.782528000000006,-73.980586,0
40.783121,-73.98070899999999,0
40.783226,-73.980756,0
40.783190999999995,-73.980253,0
40.783373,-73.98012299999999,0
40.783649,-73.979752,0
40.78392,-73.979708,0
40.784128,-73.979996,0
40.784463,-73.979745,0
40.784591999999996,-73.979762,0
40.784712,-73.979564,0
40.784564,-73.979224,0
40.785005,-73.97878100000001,0
40.785066,-73.978658,0
40.785135,-73.97924599999999,0
40.785753,-73.978785,0
40.785813,-73.97829300000001,0
40.785613,-73.978439,0
40.786223,-73.97799300000001,0
40.786207,-73.977698,0
40.786519,-73.977765,0
40.786403,-73.9783,0
40.787028,-73.97783199999999,0
40.787247,-73.977646,0
40.755043,-73.968552,0
40.755193,-73.96844399999999,0
40.755334999999995,-73.968041,0
40.756018,-73.967467,0
40.75678,-73.96698,0
40.757417,-73.966528,0
40.757975,-73.966421,0
40.773006,-73.958069,0
40.748482,-73.996012,0
40.743414,-74.003725,0
40.731015,-73.988685,0
40.73157,-73.988579,0
40.731777,-73.988135,0
40.732039,-73.987938,0
40.7303,-73.983193,0
40.736387,-73.994742,0
40.748615,-73.992489,0
40.745578,-73.99100200000001,0
40.744668,-73.991375,0
40.745968,-73.994039,0
40.746155,-73.994286,0
40.744741999999995,-73.98536700000001,0
40.745126,-73.984639,0
40.746709,-73.986207,0
40.747114,-73.98524499999999,0
40.747737,-73.984833,0
40.746881,-73.981065,0
40.750488,-73.99113,0
40.840706,-73.891398,0
40.840709999999994,-73.896045,0
40.8412,-73.8919,0
40.841626,-73.892961,0
40.841693,-73.89439899999999,0
40.84182,-73.894281,0
40.881477000000004,-73.897951,0
40.81469,-73.89850200000001,0
40.87455,-73.86554,0
40.874779,-73.86500500000001,0
40.87322,-73.837825,0
40.872676,-73.839478,0
40.87364,-73.840586,0
40.874777,-73.83918100000001,0
40.824255,-73.89791,0
40.807745000000004,-73.945502,0
40.804138,-73.93759399999999,0
40.811109,-73.952343,0
40.814229,-73.94077,0
40.817894,-73.947649,0
40.822008000000004,-73.953676,0
40.779492,-73.955589,0
40.826551,-73.95036,0
40.820421,-73.936245,0
40.824783000000004,-73.944216,0
40.830135,-73.938209,0
40.830518,-73.941514,0
40.834041,-73.94489,0
40.836013,-73.939892,0
40.847390999999995,-73.939704,0
40.851695,-73.937969,0
40.855225,-73.929412,0
40.768141,-73.96387,0
40.77362,-73.959874,0
40.785672,-73.95107,0
40.807565999999994,-73.91924,0
40.803967,-73.966847,0
40.800605,-73.958159,0
40.799075,-73.95182199999999,0
40.805368,-73.91404200000001,0
40.865491,-73.92727099999999,0
40.808719,-73.907657,0
40.812118,-73.904098,0
40.823879999999996,-73.93647,0
40.868072,-73.919899,0
40.816103999999996,-73.896435,0
40.874811,-73.878855,0
40.873244,-73.88713800000001,0
40.866978,-73.893509,0
40.839306,-73.9134,0
40.820948,-73.890549,0
40.76266,-73.967258,0
40.85041,-73.905227,0
40.8459,-73.910136,0
40.827905,-73.925651,0
40.757552000000004,-73.96905500000001,0
40.762526,-73.967967,0
40.757107,-73.97192,0
40.861296,-73.897749,0
40.856093,-73.900741,0
40.731352,-73.954449,0
40.724635,-73.951277,0
40.732849,-73.986122,0
40.730953,-73.981628,0
40.828468,-73.9227,0
40.828057,-73.923075,0
40.827831,-73.92267700000001,0
40.827441,-73.923008,0
40.827563,-73.923631,0
40.754447,-73.984222,0
40.754317,-73.983094,0
40.753164,-73.983964,0
40.753689,-73.984769,0
40.752776000000004,-73.98164,0
40.7537999998,-73.9833000001,0
40.760234999999994,-73.98401199999999,0
40.759378999999996,-73.984637,0
40.759205,-73.97699,0
40.762468,-73.97473199999999,0
40.764254,-73.971198,0
40.758689000000004,-73.96558900000001,0
40.800446,-73.946484,0
40.807326,-73.952789,0
40.850547999999996,-73.900954,0
40.843567,-73.93780699999999,0
40.849854,-73.93347299999999,0
40.852857,-73.931007,0
40.850038,-73.93334200000001,0
40.812656,-73.949489,0
40.849698,-73.933322,0
40.855416,-73.92940300000001,0
40.855615,-73.928997,0
40.854346,-73.910218,0
40.742674,-73.996549,0
40.853764,-73.907899,0
40.769566999999995,-73.988099,0
40.813998,-73.91917099999999,0
40.760473,-73.92201899999999,0
40.809576,-73.951689,0
40.807263,-73.946637,0
40.806086,-73.949224,0
40.810601,-73.950577,0
40.810178,-73.948924,0
40.811265999999996,-73.950126,0
40.81026,-73.93951,0
40.806413,-73.940149,0
40.807092,-73.939714,0
40.807594,-73.939065,0
40.815114,-73.941112,0
40.808296999999996,-73.93889,0
40.808223999999996,-73.94077800000001,0
40.809616999999996,-73.94211700000001,0
40.811198,-73.943866,0
40.812037,-73.94623100000001,0
40.813365999999995,-73.94884300000001,0
40.812628000000004,-73.945444,0
40.812418,-73.944689,0
40.811840999999994,-73.942725,0
40.813986,-73.948359,0
40.814125,-73.946993,0
40.813122,-73.944376,0
40.811834999999995,-73.94135,0
40.810795,-73.938925,0
40.816089,-73.946688,0
40.81393,-73.94495500000001,0
40.815692999999996,-73.947008,0
40.809559,-73.94341700000001,0
40.811575,-73.93845300000001,0
40.812002,-73.936231,0
40.813502,-73.937185,0
40.814205,-73.93672600000001,0
40.816677,-73.946392,0
40.814952000000005,-73.938941,0
40.815803,-73.940812,0
40.811236,-73.93650699999999,0
40.813713,-73.941262,0
40.809357,-73.944461,0
40.813646000000006,-73.940053,0
40.813434,-73.939112,0
40.811138,-73.942846,0
40.809672,-73.944004,0
40.812490999999994,-73.94224799999999,0
40.812944,-73.941693,0
40.815705,-73.93951899999999,0
40.801951,-73.953554,0
40.800652,-73.954616,0
40.802298,-73.952405,0
40.800546000000004,-73.952427,0
40.803511,-73.95294200000001,0
40.798102,-73.950349,0
40.799928,-73.954549,0
40.801053,-73.95004200000001,0
40.796528,-73.948492,0
40.799151,-73.947499,0
40.800592,-73.946685,0
40.80135,-73.945756,0
40.802684,-73.94515799999999,0
40.7721,-73.9771,0
40.768,-73.9712,0
40.785958,-73.985075,0
40.8292,-73.9361,0
40.8048,-73.9443,0
40.749908000000005,-74.00089,0
40.749783,-74.000711,0
40.74827,-74.00206800000001,0
40.74827,-74.00206800000001,0
40.74827,-74.00206800000001,0
40.74827,-74.00206800000001,0
40.74827,-74.00206800000001,0
40.8030181614,-73.9348475633,0
40.7942156129,-73.9434510796,0
40.788832,-73.97033499999999,0
40.746868,-73.97452,0
40.746251,-73.99050600000001,0
40.742301,-73.99683,0
40.763891,-73.962087,0
40.789182000000004,-73.970075,0
40.740772,-73.998204,0
40.745986,-73.984492,0
40.849423,-73.93352900000001,0
40.759234,-73.96550400000001,0
40.853881,-73.90866199999999,0
40.763553,-73.928514,0
40.762464,-73.926262,0
40.761340999999994,-73.92387,0
40.816691999999996,-73.916719,0
40.76777,-73.955691,0
40.742211,-73.918995,0
40.74218,-73.91873299999999,0
40.847574,-73.900766,0
40.820796,-73.943285,0
40.763000000000005,-73.913259,0
40.821828000000004,-73.939286,0
40.807779,-73.94525300000001,0
40.821596,-73.942699,0
40.837241,-73.942876,0
40.801949,-73.949259,0
40.80235,-73.95698,0
40.818505,-73.941152,0
40.816446,-73.942649,0
40.801001,-73.961448,0
40.820122,-73.943776,0
40.815376,-73.947503,0
40.81069,-73.95065799999999,0
40.805615,-73.95055699999999,0
40.736140999999996,-73.989183,0
40.862051,-73.896079,0
40.766386,-73.920459,0
40.809186,-73.94859100000001,0
40.808793,-73.948125,0
40.854764,-73.911439,0
40.816691999999996,-73.919637,0
40.817141,-73.916208,0
40.862152,-73.89839599999999,0
40.817057,-73.946012,0
40.816689000000004,-73.94654799999999,0
40.816297999999996,-73.946558,0
40.822924,-73.941723,0
40.809022,-73.948689,0
40.805792,-73.954263,0
40.808733000000004,-73.952093,0
40.811362,-73.95016,0
40.810989,-73.950711,0
40.807818,-73.94583,0
40.808939,-73.948011,0
40.81431,-73.930217,0
40.813595,-73.9304,0
40.812441,-73.92925,0
40.812253000000005,-73.92866500000001,0
40.808544,-73.929074,0
40.798786,-73.93976500000001,0
40.791897999999996,-73.94459599999999,0
40.843881,-73.91293,0
40.835133,-73.919797,0
40.84833,-73.9099,0
40.86115,-73.8974,0
40.86487,-73.8928,0
40.863665000000005,-73.900512,0
40.868697999999995,-73.902101,0
40.866765,-73.897803,0
40.842203000000005,-73.916032,0
40.844258,-73.914961,0
40.748104,-73.939952,0
40.751149,-73.934943,0
40.751498,-73.934157,0
40.75195,-73.93338,0
40.819549,-73.944183,0
40.761089,-73.92334100000001,0
40.759723,-73.920763,0
40.758221,-73.91723,0
40.756724,-73.914383,0
40.756945,-73.971614,0
40.78535,-73.973137,0
40.809668,-73.922623,0
40.807756,-73.91900600000001,0
40.806385,-73.91624499999999,0
40.814471000000005,-73.912954,0
40.806287,-73.917955,0
40.814394,-73.915181,0
40.812841,-73.916074,0
40.807108,-73.91834300000001,0
40.812127000000004,-73.920552,0
40.819394,-73.916163,0
40.822112,-73.914849,0
40.822022,-73.911953,0
40.822215,-73.942235,0
40.820406,-73.940304,0
40.79357,-73.943064,0
40.798488,-73.941542,0
40.798646000000005,-73.941422,0
40.811325,-73.952053,0
40.851620000000004,-73.932187,0
40.764272999999996,-73.91595799999999,0
40.769707000000004,-73.916673,0
40.765159999999995,-73.931428,0
40.75949,-73.919926,0
40.760713,-73.92287900000001,0
40.763686,-73.915051,0
40.741846,-73.91969,0
40.761897,-73.92505,0
40.759169,-73.91895,0
40.775357,-73.980161,0
40.763864,-73.958601,0
40.765995000000004,-73.957578,0
40.780716,-73.958721,0
40.770459,-73.966224,0
40.780148,-73.97693199999999,0
40.751182,-73.975188,0
40.747251,-73.974241,0
40.747966,-73.973405,0
40.741593,-73.978363,0
40.738052,-73.981055,0
40.732206,-73.98482299999999,0
40.749604999999995,-73.975534,0
40.745142,-73.982506,0
40.743891,-73.98337,0
40.745740000000005,-73.981987,0
40.743961999999996,-73.985428,0
40.746511,-73.984099,0
40.746465,-73.983714,0
40.742573,-73.986648,0
40.753414,-73.966651,0
40.761993,-73.959998,0
40.758155,-73.962793,0
40.76308,-73.962685,0
40.761748,-73.963311,0
40.759149,-73.965162,0
40.754391999999996,-73.969184,0
40.762417,-73.96315899999999,0
40.757734,-73.97543399999999,0
40.754311,-73.98833,0
40.753978000000004,-73.988322,0
40.751274,-73.991069,0
40.730496,-73.98076800000001,0
40.754953,-73.980193,0
40.746005,-73.99029,0
40.738109,-73.996153,0
40.746,-73.99069399999999,0
40.738640000000004,-73.996057,0
40.742723,-73.9928,0
40.760095,-73.921216,0
40.758590999999996,-73.91801600000001,0
40.764902,-73.917303,0
40.809437,-73.95184,0
40.805827,-73.950407,0
40.809267999999996,-73.951708,0
40.811972999999995,-73.94591700000001,0
40.801938,-73.95706700000001,0
40.814863,-73.947877,0
40.808996,-73.952149,0
40.725456,-73.95149599999999,0
40.778233,-73.952821,0
40.818769,-73.91645,0
40.76191,-73.960153,0
40.824081,-73.937508,0
40.810023,-73.951413,0
40.817926,-73.915262,0
40.764538,-73.930599,0
40.761646,-73.924856,0
40.785773999999996,-73.972463,0
40.752804,-74.004313,0
40.752198,-74.004756,0
40.751969,-74.004912,0
40.751234000000004,-74.005146,0
40.788705,-73.976411,0
40.782540000000004,-73.975184,0
40.784423,-73.973816,0
40.750746,-74.00581600000001,0
40.745596,-73.97544599999999,0
40.744259,-73.983248,0
40.790301,-73.972981,0
40.792804,-73.967704,0
40.785682,-73.972629,0
40.746426,-73.985816,0
40.78241,-73.979,0
40.763690999999994,-73.96223499999999,0
40.783825,-73.974249,0
40.768374,-73.955362,0
40.810532,-73.943671,0
40.756174,-73.96782900000001,0
40.742234,-73.97789499999999,0
40.796554,-73.947474,0
40.86473,-73.89903699999999,0
40.8060908156,-73.9647620603,0
40.8379589117,-73.9235396129,0
40.812871,-73.94934599999999,0
40.804169,-73.95213299999999,0
40.805302000000005,-73.95305400000001,0
40.744570308600004,-74.0045885368,0
40.7474,-74.0051,0
40.744127560900004,-74.0050435071,0
40.836971999999996,-73.89376999999999,0
40.842046,-73.894094,0
40.827552000000004,-73.929158,0
40.812681,-73.939357,0
40.9037227771,-73.9027725428,0
40.8574218942,-73.9093163503,0
40.849494080599996,-73.91757752720001,0
40.810975,-73.947029,0
40.837184,-73.890395,0
40.872935999999996,-73.83867099999999,0
40.762456,-73.985984,0
40.833773,-73.918438,0
40.77344,-73.982209,0
40.778453000000006,-73.98196999999999,0
40.775594,-73.97641,0
40.783934,-73.979917,0
40.762862,-73.981637,0
40.739777000000004,-74.002578,0
40.781433,-73.972143,0
40.788644,-73.976218,0
40.785868,-73.96891600000001,0
40.791644,-73.964694,0
40.793919,-73.972323,0
40.751431,-73.97604100000001,0
40.751776,-73.976848,0
40.755983,-73.98622900000001,0
40.755477,-73.987691,0
40.754672,-73.986754,0
40.75529,-73.987495,0
40.752769,-73.979189,0
40.754203000000004,-73.942836,0
40.742626,-73.953581,0
40.742216,-73.948916,0
40.747846,-73.946,0
40.746553999999996,-73.943832,0
40.744065,-73.949724,0
40.749669,-73.898453,0
40.756312,-73.913333,0
40.752885,-73.906006,0
40.752039,-73.928781,0
40.748973,-73.93724300000001,0
40.756879,-73.92074000000001,0
40.799446,-73.968379,0
40.7906,-73.947478,0
40.796092,-73.961454,0
40.79502,-73.94425,0
40.802098,-73.949625,0
40.798629,-73.94161700000001,0
40.805085,-73.954882,0
40.807722,-73.96410999999999,0
40.763385,-73.99287,0
40.779454,-73.959681,0
40.810476,-73.926138,0
40.813224,-73.929849,0
40.81841,-73.92671800000001,0
40.818375,-73.927351,0
40.737826,-74.000201,0
40.740893,-74.00169,0
40.737334999999995,-73.996786,0
40.738228,-73.996209,0
40.741040000000005,-73.99787099999999,0
40.744081,-73.995657,0
40.745906,-73.998041,0
40.741303,-73.98934399999999,0
40.742878000000005,-73.99282099999999,0
40.739864000000004,-73.986599,0
40.747215000000004,-73.993365,0
40.745494,-73.988691,0
40.74307,-73.984264,0
40.746081,-73.982076,0
40.749567,-73.98795,0
40.749719,-73.98782299999999,0
40.754222,-73.984569,0
40.757308,-73.989735,0
40.758663,-73.981329,0
40.759901,-73.984139,0
40.761728000000005,-73.98384899999999,0
40.763971000000005,-73.977451,0
40.764664,-73.98065799999999,0
40.768246999999995,-73.98192900000001,0
40.768296,-73.981736,0
40.760166999999996,-73.975224,0
40.764811,-73.973347,0
40.753821,-73.98196300000001,0
40.801497999999995,-73.96108199999999,0
40.76036,-73.961663,0
40.776918,-73.96154,0
40.770517,-73.966604,0
40.766736,-73.969308,0
40.787079,-73.97188100000001,0
40.792703,-73.971487,0
40.777377,-73.978444,0
40.729963,-73.983281,0
40.764821000000005,-73.970303,0
40.74276,-73.98642,0
40.742081,-73.993261,0
40.752549,-73.966729,0
40.753661,-73.969649,0
40.765277000000005,-73.991493,0
40.744153999999995,-73.97619,0
40.751540000000006,-73.990365,0
40.800592,-73.961745,0
40.781861,-73.979137,0
40.734393,-73.999152,0
40.756879,-73.963818,0
40.757701000000004,-73.963213,0
40.757604,-73.963593,0
40.738797999999996,-74.005285,0
40.786335,-73.97205500000001,0
40.769749,-73.966763,0
40.816751000000004,-73.922955,0
40.800781,-73.946241,0
40.736540000000005,-73.997156,0
40.852257,-73.93145200000001,0
40.84727,-73.935362,0
40.777606,-73.96094699999999,0
40.844689,-73.937259,0
40.802984,-73.967855,0
40.792035,-73.971979,0
40.823361,-73.948844,0
40.749153,-73.991801,0
40.747904,-73.992745,0
40.762328000000004,-73.99364200000001,0
40.768406,-73.989215,0
40.74351,-73.992508,0
40.748771999999995,-73.98867299999999,0
40.77178,-73.982773,0
40.760474,-73.976099,0
40.757958,-73.977926,0
40.739409,-73.986712,0
40.732391,-73.991387,0
40.735186999999996,-73.989871,0
40.732246999999994,-73.985132,0
40.730833000000004,-73.983098,0
40.73296,-73.986173,0
40.740836,-73.988136,0
40.744815,-73.994986,0
40.744114,-73.995892,0
40.743564,-73.99616800000001,0
40.748758,-74.006904,0
40.745447999999996,-73.994537,0
40.744614,-73.985069,0
40.731539,-73.983246,0
40.731219,-73.982827,0
40.818461,-73.914684,0
40.746072999999996,-73.990732,0
40.805013,-73.944909,0
40.805009999999996,-73.944885,0
40.805013,-73.944909,0
40.805013,-73.944909,0
40.805013,-73.944909,0
40.805013,-73.944909,0
40.805013,-73.944909,0
40.805013,-73.944909,0
40.757418,-73.96508399999999,0
40.757418,-73.96508399999999,0
40.793669,-73.93681600000001,0
40.793669,-73.93681600000001,0
40.793669,-73.93681600000001,0
40.793669,-73.93681600000001,0
40.793669,-73.93681600000001,0
40.793669,-73.93681600000001,0
40.793305,-73.936759,0
40.793748,-73.93624200000001,0
40.818498999999996,-73.95969000000001,0
40.82059,-73.95969000000001,0
40.747454,-73.910588,0
40.747518,-73.910576,0
40.746238,-73.909415,0
40.745691,-73.90740799999999,0
40.746853,-73.90888000000001,0
40.74745,-73.909532,0
40.87301,-73.871349,0
40.85398,-73.87047199999999,0
40.842327000000004,-73.909734,0
40.841708000000004,-73.909631,0
40.841120000000004,-73.90548000000001,0
40.8416,-73.9071,0
40.84122,-73.90678,0
40.8377,-73.90848000000001,0
40.83814,-73.90834,0
40.83448,-73.897582,0
40.834623,-73.89817099999999,0
40.835691,-73.90008900000001,0
40.836659999999995,-73.894981,0
40.837117,-73.89331,0
40.837503000000005,-73.89489300000001,0
40.837539,-73.893658,0
40.837703999999995,-73.890376,0
40.838058000000004,-73.893478,0
40.838217,-73.893388,0
40.838988,-73.88871400000001,0
40.838989,-73.88871400000001,0
40.839709,-73.88746400000001,0
40.83971,-73.887757,0
40.839892,-73.89537,0
40.840107,-73.895219,0
40.840526000000004,-73.895168,0
40.840664000000004,-73.898372,0
40.832749,-73.941887,0
40.822663,-73.949259,0
40.761507,-73.92421800000001,0
40.767307,-73.922111,0
40.80069,-73.961946,0
40.745756,-73.98452900000001,0
40.731602,-73.982548,0
40.846875,-73.935653,0
40.736639000000004,-73.993282,0
40.731922999999995,-73.98513100000001,0
40.747419,-73.993363,0
40.739107000000004,-73.99915,0
40.744933,-73.991472,0
40.736165,-73.982291,0
40.807378,-73.917,0
40.758818,-73.918494,0
40.792379,-73.96800999999999,0
40.747667,-73.94142,0
40.730767,-73.98284699999999,0
40.742828,-73.993003,0
40.804399,-73.966328,0
40.750458,-73.97189300000001,0
40.766952,-73.95646500000001,0
40.743097,-73.992812,0
40.818028999999996,-73.941924,0
40.846623,-73.935833,0
40.740513,-73.994393,0
40.741515,-73.993963,0
40.742548,-73.993209,0
40.787698,-73.971413,0
40.756944,-73.96406999999999,0
40.756073,-73.912975,0
40.799471999999994,-73.963183,0
40.747391,-73.986183,0
40.789445,-73.973867,0
40.784096000000005,-73.974049,0
40.776573,-73.979051,0
40.763845,-73.95873399999999,0
40.748841999999996,-74.006704,0
40.800405,-73.96189100000001,0
40.744847,-73.991677,0
40.799528,-73.943527,0
40.762921,-73.959715,0
40.767433000000004,-73.922687,0
40.76272,-73.926808,0
40.738351,-74.005466,0
40.856421000000005,-73.928415,0
40.734035999999996,-73.991208,0
40.852917,-73.93082700000001,0
40.846646,-73.901392,0
40.802607,-73.956796,0
40.737970000000004,-73.988584,0
40.772372999999995,-73.964839,0
40.747889,-74.004177,0
40.732746999999996,-73.98610699999999,0
40.815696,-73.947002,0
40.817446000000004,-73.91557399999999,0
40.862347,-73.89389399999999,0
40.817235,-73.915829,0
40.766894,-73.92154599999999,0
40.840247999999995,-73.918194,0
40.76593,-73.919882,0
40.849486,-73.910931,0
40.737627,-73.980968,0
40.741710999999995,-73.97797299999999,0
40.834903999999995,-73.918226,0
40.751296,-73.97153399999999,0
40.765119,-73.95769399999999,0
40.746651,-73.974686,0
40.742126,-73.993522,0
40.795398999999996,-73.969254,0
40.804047,-73.95214,0
40.80595,-73.950754,0
40.819916,-73.940552,0
40.819293,-73.941018,0
40.817264,-73.94205600000001,0
40.81678,-73.942842,0
40.814156,-73.94475600000001,0
40.812611,-73.945458,0
40.806249,-73.95009499999999,0
40.822308,-73.94244499999999,0
40.847196999999994,-73.935148,0
40.753122,-73.92071999999999,0
40.751834,-73.97059300000001,0
40.764786,-73.99159,0
40.740686,-73.997999,0
40.737088,-73.981368,0
40.823124,-73.938202,0
40.737373,-73.98115899999999,0
40.776238,-73.982338,0
40.8034,-73.95600300000001,0
40.826707,-73.946665,0
40.736756,-73.98186199999999,0
40.747395000000004,-73.973828,0
40.748121000000005,-73.97360400000001,0
40.822854,-73.95329100000001,0
40.793161,-73.970894,0
40.752278999999994,-73.929055,0
40.817821,-73.942075,0
40.766436999999996,-73.990262,0
40.851329,-73.908266,0
40.853122,-73.930818,0
40.835729,-73.940075,0
40.846771000000004,-73.935456,0
40.848673,-73.93406999999999,0
40.79636,-73.93810699999999,0
40.850683000000004,-73.93287,0
40.800142,-73.94496600000001,0
40.803834,-73.93810699999999,0
40.834974,-73.945436,0
40.851165,-73.932249,0
40.796825,-73.937766,0
40.801404999999995,-73.93470400000001,0
40.849092999999996,-73.90003100000001,0
40.755764,-73.912336,0
40.759199,-73.91964899999999,0
40.819488,-73.913668,0
40.833285,-73.945092,0
40.762663,-73.912541,0
40.81886,-73.914242,0
40.766766,-73.921276,0
40.802368,-73.956762,0
40.803024,-73.95648800000001,0
40.852412,-73.931338,0
40.851878,-73.908976,0
40.754188,-73.929399,0
40.73196,-73.983802,0
40.860027,-73.893343,0
40.755727,-73.944583,0
40.755727,-73.944583,0
40.755727,-73.944583,0
40.755727,-73.944583,0
40.85393,-73.90750200000001,0
40.761913,-73.910939,0
40.740727,-73.89986400000001,0
40.740961999999996,-73.901886,0
40.741506,-73.906524,0
40.741434000000005,-73.907534,0
40.742533,-73.91534200000001,0
40.743312,-73.92240100000001,0
40.743555,-73.92415600000001,0
40.744608,-73.93372600000001,0
40.830746000000005,-73.943446,0
40.829389,-73.944704,0
40.814539,-73.95528,0
40.818868,-73.95187,0
40.818023,-73.956374,0
40.747075,-73.942792,0
40.746639,-73.944138,0
40.746089000000005,-73.945246,0
40.745418,-73.946937,0
40.744921000000005,-73.947663,0
40.743382000000004,-73.950806,0
40.742631,-73.952678,0
40.742287,-73.953336,0
40.810159000000006,-73.927886,0
40.817512,-73.928886,0
40.816752,-73.929243,0
40.815039,-73.929885,0
40.821437,-73.912327,0
40.861174,-73.89644399999999,0
40.862685,-73.90754799999999,0
40.813575,-73.91949100000001,0
40.854358000000005,-73.92992,0
40.846926,-73.89822099999999,0
40.7631,-73.92793499999999,0
40.820102,-73.912838,0
40.730878000000004,-73.981659,0
40.844756,-73.936847,0
40.817381,-73.942525,0
40.847406,-73.899948,0
40.853842,-73.909388,0
40.848729999999996,-73.91147,0
40.81856,-73.9143,0
40.819568,-73.913388,0
40.763621,-73.914259,0
40.818897,-73.944659,0
40.829662,-73.948422,0
40.743493,-73.985972,0
40.811205,-73.953849,0
40.7334,-73.954886,0
40.835586,-73.939589,0
40.816679,-73.916483,0
40.801247,-73.961279,0
40.846169,-73.901951,0
40.813367,-73.919625,0
40.810896,-73.92143399999999,0
40.80007,-73.94676199999999,0
40.812163,-73.916467,0
40.736806,-73.99351300000001,0
40.762209999999996,-73.981881,0
40.743705,-73.99208399999999,0
40.750237,-73.977306,0
40.766861,-73.98344200000001,0
40.778141,-73.95259399999999,0
40.738096999999996,-73.98773800000001,0
40.747054999999996,-73.981061,0
40.766683,-73.99021,0
40.761977,-73.963213,0
40.767282,-73.956537,0
40.74672,-73.985936,0
40.762147,-73.96335400000001,0
40.763419,-73.966995,0
40.767663,-73.98949,0
40.764097,-73.970823,0
40.771526,-73.953138,0
40.754991,-73.96519,0
40.755081,-73.965434,0
40.768648999999996,-73.967597,0
40.735984,-73.99799,0
40.763218,-73.959202,0
40.757407,-73.978258,0
40.774498,-73.963723,0
40.743039,-73.977307,0
40.850248,-73.932926,0
40.728133,-73.953439,0
40.863114,-73.904575,0
40.860215000000004,-73.893059,0
40.862644,-73.903244,0
40.861349,-73.898023,0
40.861655,-73.89858100000001,0
40.859154,-73.898553,0
40.862854999999996,-73.904547,0
40.862086,-73.899521,0
40.861993,-73.89183,0
40.76583,-73.983368,0
40.767008000000004,-73.981859,0
40.766175,-73.981988,0
40.743203,-73.98920600000001,0
40.744243,-73.989016,0
40.745127000000004,-73.988671,0
40.746624,-73.988399,0
40.748139,-73.988101,0
40.749721,-73.988084,0
40.752339,-73.987574,0
40.753059,-73.987386,0
40.754493,-73.986935,0
40.754851,-73.986359,0
40.760413,-73.98454100000001,0
40.760265999999994,-73.98485699999999,0
40.760646,-73.98442,0
40.760632,-73.98428299999999,0
40.760718,-73.984634,0
40.760883,-73.984277,0
40.762593,-73.98307700000001,0
40.763978,-73.982629,0
40.764127,-73.982309,0
40.764672,-73.982363,0
40.765341,-73.982129,0
40.748539,-73.988218,0
40.750091999999995,-73.987792,0
40.734148,-73.98874,0
40.734140999999994,-73.989412,0
40.736111,-73.993424,0
40.737561,-73.996841,0
40.736201,-73.993601,0
40.734127,-73.989778,0
40.738074,-73.998319,0
40.738997,-74.000946,0
40.778889,-73.977853,0
40.786654,-73.972311,0
40.767364,-73.96886500000001,0
40.761117999999996,-73.975684,0
40.767790000000005,-73.989659,0
40.774281,-73.96346,0
40.778795,-73.960116,0
40.757174,-73.96390600000001,0
40.790786,-73.968915,0
40.761049,-73.96418100000001,0
40.77497,-73.98107900000001,0
40.768093,-73.96836400000001,0
40.775443,-73.98236700000001,0
40.731521,-73.982765,0
40.825967,-73.939767,0
40.834189,-73.94545,0
40.827925,-73.945775,0
40.827304999999996,-73.946226,0
40.829733000000004,-73.9442,0
40.82832,-73.949299,0
40.763433,-73.959039,0
40.747627,-73.985037,0
40.7427,-73.9968,0
40.743659,-73.976843,0
40.740233,-73.97904799999999,0
40.740369,-73.979252,0
40.746619,-73.990241,0
40.755777,-73.923627,0
40.789263,-73.97028399999999,0
40.767047,-73.989933,0
40.744175,-73.987549,0
40.754593,-73.988137,0
40.761267,-73.96061999999999,0
40.743971,-73.991883,0
40.800093,-73.968295,0
40.795996,-73.97059899999999,0
40.744407,-73.983132,0
40.7436,-74.003588,0
40.739340999999996,-73.979985,0
40.743395,-73.983879,0
40.764456,-73.99181999999999,0
40.768262,-73.98904300000001,0
40.765159000000004,-73.991312,0
40.764624,-73.991967,0
40.736746999999994,-73.981608,0
40.745494,-73.990775,0
40.738302000000004,-73.996296,0
40.80663,-73.95025600000001,0
40.762595000000005,-73.959649,0
40.847513,-73.935363,0
40.751188,-73.97106099999999,0
40.739166,-73.991199,0
40.765789,-73.990852,0
40.765875,-73.991057,0
40.745267999999996,-73.994563,0
40.741323,-73.985385,0
40.73728,-73.99282600000001,0
40.738384,-73.980396,0
40.754695,-73.965406,0
40.732519,-73.98469399999999,0
40.751521999999994,-73.990112,0
40.74534,-73.98276800000001,0
40.788986,-73.97048199999999,0
40.822902,-73.938365,0
40.74685,-73.977159,0
40.848444,-73.934241,0
40.765665000000006,-73.957409,0
40.738503,-73.98061,0
40.739963,-73.97954399999999,0
40.73857,-73.999932,0
40.737805,-73.998106,0
40.738667,-73.999476,0
40.737906,-73.99792099999999,0
40.743027000000005,-74.004005,0
40.738040000000005,-73.992377,0
40.742803,-74.00417,0
40.739336,-73.995264,0
40.739432,-73.995475,0
40.733107000000004,-73.987162,0
40.733694,-73.987044,0
40.733470000000004,-73.98738399999999,0
40.733919,-73.98688100000001,0
40.733841,-73.986634,0
40.734221999999995,-73.98665799999999,0
40.734491999999996,-73.986162,0
40.742625,-73.980628,0
40.748383000000004,-73.976344,0
40.748287,-73.976535,0
40.758275,-73.96913,0
40.734031,-73.986488,0
40.739531,-73.982889,0
40.734770000000005,-73.98625899999999,0
40.735347999999995,-73.985846,0
40.735626,-73.985322,0
40.737596999999994,-73.98389,0
40.750717,-73.974088,0
40.760207,-73.967177,0
40.736214000000004,-73.9849,0
40.735839,-73.985171,0
40.736332,-73.985123,0
40.736426,-73.98475,0
40.736789,-73.984486,0
40.739528,-73.982489,0
40.740041,-73.982424,0
40.739975,-73.982035,0
40.740246,-73.982383,0
40.740218,-73.981988,0
40.740573,-73.981729,0
40.740775,-73.981576,0
40.740989,-73.981732,0
40.741291,-73.981512,0
40.741169,-73.981297,0
40.742007,-73.98068,0
40.742433,-73.98037099999999,0
40.742736,-73.980459,0
40.743035,-73.980242,0
40.743093,-73.97981300000001,0
40.743494,-73.979907,0
40.74395,-73.97965500000001,0
40.743876,-73.979316,0
40.745115999999996,-73.97841600000001,0
40.746217,-73.977614,0
40.746449,-73.97744399999999,0
40.746539,-73.977688,0
40.74705,-73.977005,0
40.747671999999994,-73.976965,0
40.747788,-73.976777,0
40.748289,-73.976105,0
40.748819,-73.976026,0
40.748733,-73.975363,0
40.749340999999994,-73.975186,0
40.748914,-73.97564799999999,0
40.749658000000004,-73.975104,0
40.750156,-73.97474100000001,0
40.750378000000005,-73.974888,0
40.75096,-73.974467,0
40.751406,-73.974142,0
40.751497,-73.973765,0
40.752623,-73.973254,0
40.752665,-73.97284300000001,0
40.753196,-73.972445,0
40.753149,-73.972868,0
40.741288,-73.904656,0
40.742912,-73.91854000000001,0
40.743063,-73.920682,0
40.743221000000005,-73.921257,0
40.743823,-73.926455,0
40.743877000000005,-73.926926,0
40.743976,-73.92777199999999,0
40.744151,-73.929829,0
40.744278,-73.930399,0
40.743184,-73.951617,0
40.867329,-73.897193,0
40.867371,-73.897645,0
40.751909999999995,-73.929992,0
40.751953,-73.927493,0
40.753370000000004,-73.91232,0
40.839445,-73.915848,0
40.853028,-73.905076,0
40.857756,-73.90109100000001,0
40.789424,-73.975391,0
40.789457,-73.975041,0
40.790053,-73.974767,0
40.790234999999996,-73.974793,0
40.790690000000005,-73.974462,0
40.790901,-73.97430200000001,0
40.790818,-73.97480999999999,0
40.791401,-73.973822,0
40.791942999999996,-73.973425,0
40.792255,-73.973761,0
40.792534,-73.973125,0
40.792696,-73.973438,0
40.792887,-73.97328900000001,0
40.793426000000004,-73.973043,0
40.793181,-73.972649,0
40.793822,-73.97203499999999,0
40.786896,-73.97748299999999,0
40.788002,-73.976551,0
40.819886,-73.926847,0
40.752287,-73.993391,0
40.750372999999996,-73.991057,0
40.735735999999996,-73.99056800000001,0
40.734789,-73.99073,0
40.840719,-73.939561,0
40.849505,-73.933596,0
40.840556,-73.94013299999999,0
40.794042,-73.972567,0
40.794462,-73.97157299999999,0
40.794896,-73.971856,0
40.795171,-73.971048,0
40.795774,-73.970752,0
40.796138,-73.97093100000001,0
40.796566,-73.970619,0
40.796761,-73.970652,0
40.796425,-73.970279,0
40.797148,-73.96963000000001,0
40.797247999999996,-73.96968100000001,0
40.797394,-73.970011,0
40.797702,-73.96924399999999,0
40.798018,-73.969557,0
40.79865,-73.969093,0
40.799042,-73.968809,0
40.798953999999995,-73.968326,0
40.799331,-73.968232,0
40.79963,-73.96797,0
40.8003,-73.967833,0
40.800581,-73.967782,0
40.800476,-73.968186,0
40.801084,-73.96770699999999,0
40.802126,-73.967493,0
40.802298,-73.967585,0
40.802455,-73.968149,0
40.802735999999996,-73.967461,0
40.802944000000004,-73.96737900000001,0
40.803721,-73.967381,0
40.803861,-73.966708,0
40.804959000000004,-73.965902,0
40.805279999999996,-73.96566999999999,0
40.805471999999995,-73.965526,0
40.750966,-73.974148,0
40.805923,-73.96508100000001,0
40.818813,-73.95579599999999,0
40.82028,-73.955268,0
40.820764000000004,-73.954808,0
40.822319,-73.953676,0
40.822495,-73.953007,0
40.823326,-73.953041,0
40.823821,-73.95258100000001,0
40.808040999999996,-73.96421,0
40.807508,-73.964488,0
40.807296,-73.964646,0
40.80676,-73.965108,0
40.824559,-73.95159699999999,0
40.82509,-73.951656,0
40.825319,-73.951488,0
40.825508,-73.950907,0
40.82609,-73.950482,0
40.826376,-73.950716,0
40.825446,-73.947868,0
40.825419000000004,-73.947604,0
40.867627,-73.89873,0
40.867829,-73.899576,0
40.862313,-73.900314,0
40.86063,-73.902369,0
40.831466999999996,-73.921747,0
40.827655,-73.923906,0
40.853043,-73.905552,0
40.753899,-73.972326,0
40.754092,-73.97218000000001,0
40.754512,-73.971876,0
40.755233000000004,-73.971032,0
40.755877000000005,-73.97103,0
40.755356,-73.971251,0
40.756326,-73.97014300000001,0
40.756505,-73.970111,0
40.8061604421,-73.9433155984,0
40.756910999999995,-73.96981600000001,0
40.757113000000004,-73.970088,0
40.757729,-73.969615,0
40.757851,-73.969436,0
40.758508,-73.968963,0
40.758993,-73.968727,0
40.758403,-73.968723,0
40.75882,-73.968417,0
40.759609999999995,-73.968242,0
40.759756,-73.968048,0
40.760005,-73.967568,0
40.759632,-73.967828,0
40.760135,-73.967774,0
40.760346999999996,-73.96730600000001,0
40.760457,-73.967539,0
40.760644,-73.967101,0
40.761484,-73.966779,0
40.761095000000005,-73.967076,0
40.761604,-73.966388,0
40.741487,-73.98148,0
40.738827,-73.982886,0
40.766148,-73.979721,0
40.764513,-73.977195,0
40.754951,-73.983899,0
40.740531,-74.001807,0
40.739447,-74.0026,0
40.741122999999995,-74.00137,0
40.741372999999996,-74.001501,0
40.741621,-74.00132099999999,0
40.74151,-74.001088,0
40.742046,-74.000711,0
40.742297,-74.00094,0
40.742689,-74.000238,0
40.767271,-73.982247,0
40.743579,-73.999894,0
40.743919,-73.999645,0
40.74426,-73.999398,0
40.744403000000005,-73.998993,0
40.744584,-73.99916,0
40.74475,-73.998736,0
40.747904999999996,-73.996434,0
40.745039,-73.998529,0
40.763424,-73.985061,0
40.745443,-73.99861899999999,0
40.757544,-73.989409,0
40.757753,-73.98925200000001,0
40.745924,-73.997757,0
40.766638,-73.983092,0
40.766940000000005,-73.98315500000001,0
40.766963,-73.982853,0
40.75414,-73.99234,0
40.763051000000004,-73.98583,0
40.747377,-73.997127,0
40.749122,-73.995553,0
40.767358,-73.982564,0
40.749537,-73.995245,0
40.749728000000005,-73.99511,0
40.749827,-73.995525,0
40.8543469054,-73.88788942890001,0
40.74988,-73.99499300000001,0
40.750227,-73.995051,0
40.7527,-73.992756,0
40.752949,-73.992762,0
40.753107,-73.992947,0
40.753425,-73.99271800000001,0
40.853157,-73.905403,0
40.818676,-73.928165,0
40.818942,-73.92837,0
40.826928,-73.94986800000001,0
40.827044,-73.950226,0
40.82732,-73.950026,0
40.7431196183,-74.0083050731,0
40.827932000000004,-73.94958100000001,0
40.82758,-73.949288,0
40.828097,-73.949017,0
40.757418,-73.96508399999999,0
40.7359999997,-73.99039999989999,0
40.828542,-73.94913199999999,0
40.859021999999996,-73.93418,0
40.816109000000004,-73.917757,0
40.829037,-73.94886899999999,0
40.829423999999996,-73.94804599999999,0
40.829341,-73.947647,0
40.829675,-73.947866,0
40.829809000000004,-73.948201,0
40.830209,-73.947911,0
40.830586,-73.947195,0
40.830876,-73.946986,0
40.833911,-73.944772,0
40.834513,-73.94432900000001,0
40.834722,-73.944176,0
40.835546,-73.944011,0
40.835135,-73.943873,0
40.836081,-73.943186,0
40.836501,-73.942787,0
40.837104,-73.942288,0
40.754171,-73.991871,0
40.74445,-73.931875,0
40.733892,-73.991056,0
40.731157,-73.985928,0
40.73108,-73.985739,0
40.753642,-73.992563,0
40.754666,-73.991816,0
40.754881,-73.991662,0
40.755281,-73.991371,0
40.7555,-73.991425,0
40.755878,-73.990933,0
40.758666,-73.9889,0
40.758831,-73.98878,0
40.759107,-73.988579,0
40.759221000000004,-73.988187,0
40.739677,-74.002735,0
40.761072999999996,-73.987251,0
40.761094,-73.986828,0
40.739846,-74.002305,0
40.739719,-74.002217,0
40.762246000000005,-73.986293,0
40.762151,-73.986052,0
40.762331,-73.985923,0
40.763803,-73.985157,0
40.764338,-73.984767,0
40.764646,-73.984229,0
40.764212,-73.984545,0
40.764744,-73.98447,0
40.764823,-73.984099,0
40.764933,-73.98433299999999,0
40.765522,-73.983593,0
40.765601000000004,-73.983845,0
40.766011,-73.983548,0
40.760563,-73.987515,0
40.759746,-73.988114,0
40.762431,-73.98615600000001,0
40.760283,-73.987313,0
40.760895,-73.986836,0
40.761815999999996,-73.98660600000001,0
40.759937,-73.987972,0
40.759656,-73.98777199999999,0
40.74031,-73.984279,0
40.740092,-73.983925,0
40.741012,-73.983767,0
40.741481,-73.983198,0
40.742139,-73.983048,0
40.759807,-73.97036899999999,0
40.743229,-73.981797,0
40.760631,-73.968671,0
40.752635999999995,-73.974717,0
40.743384000000006,-73.982039,0
40.745824,-73.980035,0
40.749503000000004,-73.977195,0
40.750133,-73.976794,0
40.750014,-73.976519,0
40.750279,-73.977012,0
40.750833,-73.97681700000001,0
40.75679,-73.97126300000001,0
40.757793,-73.971703,0
40.759801,-73.970072,0
40.761731,-73.968802,0
40.761559000000005,-73.968391,0
40.748323,-73.982372,0
40.762324,-73.97220300000001,0
40.749832,-73.98156,0
40.749982,-73.981236,0
40.752334999999995,-73.979738,0
40.752545,-73.979585,0
40.753003,-73.97924599999999,0
40.756741999999996,-73.97653000000001,0
40.758633,-73.975341,0
40.758649,-73.975143,0
40.759712,-73.974008,0
40.760249,-73.97363299999999,0
40.760963000000004,-73.973101,0
40.761511,-73.97274499999999,0
40.762467,-73.972358,0
40.730537,-73.986389,0
40.730881,-73.98588199999999,0
40.730249,-73.98634799999999,0
40.758022,-73.98583199999999,0
40.759971,-73.984342,0
40.759713,-73.984131,0
40.760326,-73.983693,0
40.760527,-73.983537,0
40.761142,-73.98309,0
40.76164,-73.982996,0
40.762366,-73.982552,0
40.763036,-73.981711,0
40.764718,-73.980478,0
40.764875,-73.980731,0
40.79331,-73.97104499999999,0
40.793524,-73.970887,0
40.793867,-73.970376,0
40.793962,-73.97057099999999,0
40.794672999999996,-73.970051,0
40.794604,-73.969837,0
40.795004999999996,-73.96981,0
40.795544,-73.96941899999999,0
40.795951,-73.968849,0
40.796533000000004,-73.968682,0
40.796737,-73.968647,0
40.796374,-73.968542,0
40.797178,-73.968223,0
40.797391,-73.96807,0
40.7977,-73.96784,0
40.797826,-73.967748,0
40.798027000000005,-73.967603,0
40.798477,-73.967265,0
40.777921,-73.981853,0
40.778381,-73.981665,0
40.803579,-73.96691700000001,0
40.804835,-73.96599499999999,0
40.799088,-73.96683,0
40.827117,-73.949738,0
40.844493,-73.938788,0
40.800504,-73.966107,0
40.80105,-73.964939,0
40.809965000000005,-73.958889,0
40.810163,-73.958744,0
40.810378,-73.958321,0
40.813669,-73.95619,0
40.81515,-73.954837,0
40.815594,-73.95450699999999,0
40.8158,-73.954364,0
40.818371,-73.95275500000001,0
40.8196,-73.951942,0
40.82096,-73.950863,0
40.822212,-73.950118,0
40.822268,-73.949906,0
40.822633,-73.94964,0
40.823122,-73.949014,0
40.824646,-73.947909,0
40.825947,-73.94695300000001,0
40.763742,-73.971424,0
40.743559000000005,-73.953739,0
40.762107,-73.965809,0
40.762896000000005,-73.96544300000001,0
40.763037,-73.965653,0
40.764653,-73.964097,0
40.764759000000005,-73.964099,0
40.765902000000004,-73.96318000000001,0
40.766059999999996,-73.963554,0
40.766588,-73.96313599999999,0
40.767309000000004,-73.96253,0
40.767234,-73.96229,0
40.767655,-73.96197099999999,0
40.767855,-73.962255,0
40.769102000000004,-73.961324,0
40.768943,-73.960952,0
40.770545,-73.960254,0
40.770456,-73.959928,0
40.770946,-73.959496,0
40.772144,-73.958697,0
40.772358000000004,-73.95854,0
40.772366999999996,-73.958947,0
40.772477,-73.95876700000001,0
40.773003,-73.958474,0
40.772815,-73.95822,0
40.773727,-73.957965,0
40.774207000000004,-73.957499,0
40.77435,-73.95709000000001,0
40.774855,-73.956665,0
40.776365999999996,-73.955931,0
40.776833,-73.955586,0
40.77702,-73.955139,0
40.777561,-73.954752,0
40.777528000000004,-73.955153,0
40.778271999999994,-73.954541,0
40.778003000000005,-73.95442800000001,0
40.7786,-73.95399,0
40.778605,-73.953715,0
40.778791999999996,-73.953663,0
40.779038,-73.95398,0
40.762987,-73.974254,0
40.779534999999996,-73.953715,0
40.779367,-73.953327,0
40.779635,-73.953537,0
40.780782,-73.9524,0
40.781503,-73.952279,0
40.782159,-73.951699,0
40.782765999999995,-73.951257,0
40.783289,-73.950562,0
40.784663,-73.949874,0
40.785818,-73.949031,0
40.787309,-73.94794399999999,0
40.789608,-73.946262,0
40.818886,-73.929213,0
40.827552000000004,-73.925903,0
40.827356,-73.925223,0
40.827825,-73.92483299999999,0
40.831542999999996,-73.92264499999999,0
40.8681,-73.900706,0
40.867038,-73.896537,0
40.866588,-73.89565400000001,0
40.824578,-73.952134,0
40.822703999999995,-73.953498,0
40.821918,-73.95331,0
40.814505,-73.95936999999999,0
40.805516,-73.966052,0
40.803773,-73.93624,0
40.799504999999996,-73.939036,0
40.791203,-73.944784,0
40.809412,-73.95903,0
40.817656,-73.953007,0
40.827196,-73.94644100000001,0
40.827195,-73.946043,0
40.830335999999996,-73.94375600000001,0
40.832283000000004,-73.942327,0
40.832731,-73.942266,0
40.833447,-73.94174,0
40.833861,-73.941447,0
40.834245,-73.941159,0
40.834078000000005,-73.940919,0
40.834815,-73.940477,0
40.798538,-73.969279,0
40.741882000000004,-73.95448,0
40.757869,-73.985703,0
40.757666,-73.985878,0
40.774266,-73.98095,0
40.773657,-73.981404,0
40.742919,-73.952127,0
40.777227,-73.982777,0
40.77653,-73.98301500000001,0
40.775999,-73.98324699999999,0
40.776069,-73.983633,0
40.766649,-73.97935,0
40.763996,-73.984719,0
40.763616,-73.984987,0
40.754144000000004,-73.986581,0
40.749301,-73.974818,0
40.748673,-73.973326,0
40.748513,-73.97331899999999,0
40.748579,-73.972961,0
40.749203,-73.972507,0
40.749292,-73.972751,0
40.751632,-73.97065699999999,0
40.752342999999996,-73.970524,0
40.753496000000005,-73.969261,0
40.754138,-73.968836,0
40.80464541,-73.96657376,0
40.577391,-74.102671,1
40.576541,-74.10347900000001,1
40.6173,-74.1063,1
40.589,-74.0667,1
40.5095311239,-74.2441067083,1
40.626237609899995,-74.0778460903,1
40.637585615999996,-74.1311046151,1
40.5958181468,-74.0629804652,1
40.6417853679,-74.0766457652,1
40.534058299899996,-74.193236856,1
40.609577499400004,-74.1485024503,1
40.5665301462,-74.13853387649999,1
40.5719318484,-74.1119581475,1
40.6345089423,-74.1148218734,1
40.552423262800005,-74.15111164310001,1
40.618237,-74.107213,1
40.618237,-74.107213,1
40.618237,-74.107213,1
40.59205,-74.139087,1
40.591904,-74.138573,1
40.592023,-74.138056,1
40.591846999999994,-74.13915300000001,1
40.59203,-74.13812,1
40.61775,-74.10818499999999,1
40.61775,-74.10818499999999,1
40.568366,-74.090642,1
40.569365000000005,-74.08949,1
40.570195,-74.08854699999999,1
40.571267999999996,-74.087293,1
40.572313,-74.086013,1
40.573338,-74.084406,1
40.595456,-74.08621,1
40.590453000000004,-74.100922,1
40.589488,-74.101271,1
40.618064000000004,-74.108186,1
40.571437,-74.108959,1
40.571782,-74.108614,1
40.57285,-74.107539,1
40.573465999999996,-74.10691700000001,1
40.575553,-74.104816,1
40.576811,-74.103565,1
40.579634000000006,-74.100652,1
40.579839,-74.10001199999999,1
40.597715,-74.083828,1
40.598002,-74.08305,1
40.581303999999996,-74.11201,1
40.581677,-74.11135,1
40.587385,-74.103708,1
40.589032,-74.10168399999999,1
40.589908,-74.100904,1
40.591436,-74.100862,1
40.564789000000005,-74.115318,1
40.590391335999996,-74.1011372894,1
40.575083,-74.081683,1
40.575748,-74.08067700000001,1
40.576236,-74.079987,1
40.576483,-74.079624,1
40.577222,-74.078581,1
40.577771999999996,-74.077993,1
40.578631,-74.076801,1
40.579581,-74.076359,1
40.579986,-74.07589899999999,1
40.625382,-74.11457,1
40.625756,-74.114738,1
40.624697999999995,-74.114211,1
40.644816,-74.100443,1
40.644884999999995,-74.101038,1
40.645123,-74.101629,1
40.645317,-74.102285,1
40.645439,-74.10288,1
40.645453,-74.103398,1
40.641798,-74.101846,1
40.641982,-74.101869,1
40.64382,-74.102404,1
40.641797,-74.102002,1
40.641963,-74.102026,1
40.643782,-74.102245,1
40.642339,-74.102688,1
40.643167,-74.102285,1
40.627089,-74.077292,1
40.62686,-74.075848,1
40.626579,-74.076173,1
40.637316999999996,-74.076763,1
40.519237,-74.188231,1
40.518167,-74.18976500000001,1
40.517283,-74.190996,1
40.517045,-74.19032299999999,1
40.517148,-74.189823,1
40.561755,-74.112161,1
40.565852,-74.114224,1
40.570312,-74.109657,1
40.570634999999996,-74.10991800000001,1
40.572853,-74.114087,1
40.577771000000006,-74.10231,1
40.590983,-74.100732,1
40.598397,-74.082621,1
40.5721,-74.112674,1
40.57262,-74.113383,1
40.563843,-74.116075,1
40.578802,-74.101669,1
40.65743,-73.94716,2
40.724065,-74.007972,2
40.716939,-74.006222,2
40.717726,-74.00561,2
40.717805,-74.005815,2
40.725666,-74.006274,2
40.720568,-74.006556,2
40.715711999999996,-74.005126,2
40.714707000000004,-73.966525,2
40.731887,-74.001194,2
40.707581,-73.955316,2
40.710988,-73.96853399999999,2
40.724338,-74.002022,2
40.65039,-74.008285,2
40.723013,-74.006771,2
40.730578,-73.989008,2
40.65831,-73.94406,2
40.658,-73.94723,2
40.658,-73.94723,2
40.65743,-73.94716,2
40.650721000000004,-73.968489,2
40.65068,-73.96846,2
40.650738,-73.968429,2
40.6507,-73.965843,2
40.660469,-73.965168,2
40.660841999999995,-73.965121,2
40.661196999999994,-73.965252,2
40.657452,-73.96399100000001,2
40.657452,-73.96399100000001,2
40.657452,-73.96399100000001,2
40.657001,-73.963697,2
40.657001,-73.963697,2
40.657001,-73.963697,2
40.657001,-73.963697,2
40.685043,-73.918933,2
40.685032,-73.91906999999999,2
40.674013,-73.934698,2
40.674040000000005,-73.935053,2
40.673801,-73.93516600000001,2
40.673429999999996,-73.93463,2
40.673866,-73.934717,2
40.673805,-73.93478499999999,2
40.673781,-73.935109,2
40.673755,-73.935014,2
40.673727,-73.93486700000001,2
40.673695,-73.934935,2
40.719789,-73.981466,2
40.720005,-73.981438,2
40.695009000000006,-73.979547,2
40.694623,-73.97990899999999,2
40.694137,-73.97981300000001,2
40.69454,-73.979416,2
40.694626,-73.97518000000001,2
40.694891999999996,-73.97541600000001,2
40.694868,-73.975024,2
40.694394,-73.975054,2
40.694557,-73.975336,2
40.693391999999996,-73.973923,2
40.694382,-73.974614,2
40.693723999999996,-73.977351,2
40.693740000000005,-73.977796,2
40.69368,-73.977246,2
40.693509000000006,-73.97698100000001,2
40.693493,-73.976635,2
40.693442,-73.97319300000001,2
40.732909,-74.003877,2
40.720983000000004,-74.006488,2
40.727803,-74.00523199999999,2
40.715027,-74.006772,2
40.714209000000004,-74.006512,2
40.674039,-73.956826,2
40.698956,-73.938932,2
40.698876,-73.938447,2
40.7148,-74.0028,2
40.7265,-73.9817,2
40.69039,-74.01996,2
40.690129999999996,-74.01934,2
40.690709999999996,-74.01957,2
40.690259999999995,-74.01915,2
40.68919,-74.01826,2
40.68933,-74.01805,2
40.68855,-74.01812,2
40.688159999999996,-74.01804,2
40.689408,-73.988729,2
40.686177,-73.991014,2
40.684799,-73.99158100000001,2
40.684304,-73.992184,2
40.683436,-73.992773,2
40.689319,-73.987162,2
40.694693,-73.98384899999999,2
40.694693,-73.98384899999999,2
40.693721000000004,-73.983328,2
40.693721000000004,-73.983328,2
40.69335,-73.985788,2
40.69335,-73.985788,2
40.686371,-73.978541,2
40.686371,-73.978541,2
40.692723,-73.983025,2
40.690406,-73.98393100000001,2
40.690406,-73.98393100000001,2
40.692087,-73.982587,2
40.692087,-73.982587,2
40.69189,-73.982488,2
40.693625,-73.988519,2
40.693636,-73.98834699999999,2
40.693636,-73.98834699999999,2
40.693636,-73.98834699999999,2
40.693636,-73.98834699999999,2
40.693636,-73.98834699999999,2
40.693636,-73.98834699999999,2
40.69401,-73.98670600000001,2
40.69401,-73.98670600000001,2
40.69401,-73.98670600000001,2
40.69401,-73.98670600000001,2
40.69401,-73.98670600000001,2
40.689941999999995,-73.982158,2
40.689941999999995,-73.982158,2
40.691738,-73.98813100000001,2
40.691738,-73.98813100000001,2
40.693348,-73.98741899999999,2
40.692417,-73.987117,2
40.692417,-73.987117,2
40.692417,-73.987117,2
40.692178000000006,-73.988304,2
40.692023,-73.988433,2
40.691976000000004,-73.988311,2
40.692174,-73.98866899999999,2
40.692178000000006,-73.988304,2
40.690364,-73.98443499999999,2
40.690364,-73.98443499999999,2
40.690883,-73.98963499999999,2
40.690883,-73.98963499999999,2
40.689985,-73.99199499999999,2
40.689906,-73.99194399999999,2
40.68241,-73.99346700000001,2
40.689997,-73.992,2
40.690022,-73.991897,2
40.695578000000005,-73.98397,2
40.689924,-73.988117,2
40.689924,-73.988117,2
40.689319,-73.987162,2
40.690296000000004,-73.98784599999999,2
40.689319,-73.987162,2
40.722328000000005,-73.949671,2
40.720110999999996,-73.947627,2
40.719511,-73.946853,2
40.711079,-73.943732,2
40.6422084532,-73.8995244212,2
40.5869999561,-73.9554283575,2
40.6752551911,-74.0103512916,2
40.6753708519,-73.9485661367,2
40.5913570544,-73.92396467,2
40.7273073125,-73.9804076673,2
40.6848100477,-73.915132416,2
40.6974822489,-73.9122106175,2
40.5952368631,-73.9605993696,2
40.6292120977,-74.01186966819999,2
40.6357412846,-73.9476200285,2
40.694816700000004,-73.9283986674,2
40.5948615151,-73.941124923,2
40.60800935,-74.0033765451,2
40.6486367052,-73.9303739197,2
40.616308137,-74.0119885202,2
40.683213515300004,-73.9980190603,2
40.7289209029,-73.9877837339,2
40.6487169711,-73.9767572777,2
40.694489698299996,-73.9777326329,2
40.625893307199995,-73.9603144928,2
40.59054439,-73.9718084463,2
40.6916230873,-73.951283498,2
40.576107746999995,-73.9667748762,2
40.6336257134,-74.0295383519,2
40.6956825552,-73.9913479881,2
40.6388851668,-73.9890077838,2
40.7299829146,-74.0053310145,2
40.6715266559,-73.9086034329,2
40.6611893077,-73.9481022991,2
40.6684865101,-73.9336508496,2
40.5926531297,-73.9886820957,2
40.6197681963,-73.9332132562,2
40.6356942225,-73.9745947088,2
40.7069304247,-73.9575546134,2
40.6102566673,-73.9531058487,2
40.668216693299996,-73.9834274329,2
40.7045590639,-73.9396184214,2
40.713644888000005,-73.9479357128,2
40.6159160785,-73.97604048939999,2
40.6163731106,-74.0313694054,2
40.664453793,-73.9052223115,2
40.6408035472,-73.9659650781,2
40.714456459699996,-73.9885372705,2
40.683004902,-73.93480547029999,2
40.632636993,-73.9199848808,2
40.619868421,-73.9170212071,2
40.7136065153,-74.0078616724,2
40.7193972838,-73.9796055959,2
40.5766377761,-73.9860619926,2
40.7240963609,-73.995698993,2
40.7041015998,-74.00769809999998,2
40.7036018001,-74.0074996996,2
40.703399700000006,-74.0084000005,2
40.7041016002,-74.0092009996,2
40.7033004998,-74.0093002002,2
40.7028998998,-74.0095978002,2
40.7028008004,-74.0094985998,2
40.7030983001,-74.0106963996,2
40.7023010001,-74.0126038001,2
40.7019005001,-74.0124969005,2
40.7015990998,-74.0093001995,2
40.7051009996,-74.0139998997,2
40.7051009999,-74.0139008001,2
40.7041015999,-74.0105971997,2
40.7038994,-74.01039889970001,2
40.7043990997,-74.0101012997,2
40.7042998996,-74.0102005003,2
40.7079009996,-74.01219939939999,2
40.708698299699996,-74.0130997003,2
40.7130013004,-74.0118027004,2
40.7132988003,-74.0118026998,2
40.7081985002,-74.0121002005,2
40.7080993998,-74.0119018998,2
40.7080001998,-74.0118027001,2
40.677193,-74.008723,2
40.707378999999996,-73.943399,2
40.705768,-73.94303000000001,2
40.704496,-73.942989,2
40.686571,-73.993785,2
40.684553,-73.994765,2
40.68318,-73.995418,2
40.696027,-73.988456,2
40.695921000000006,-73.988118,2
40.695902000000004,-73.987394,2
40.69511,-73.98848199999999,2
40.69511,-73.98848199999999,2
40.695902000000004,-73.987394,2
40.696027,-73.988456,2
40.695038000000004,-73.98733100000001,2
40.695107,-73.988105,2
40.695088,-73.98767099999999,2
40.693701000000004,-73.98219499999999,2
40.693862,-73.982906,2
40.693727,-73.98290899999999,2
40.693859,-73.982476,2
40.693833000000005,-73.982192,2
40.694893,-73.98118000000001,2
40.694555,-73.981679,2
40.695316999999996,-73.981155,2
40.695544,-73.98164799999999,2
40.69567,-73.979752,2
40.695295,-73.980103,2
40.672583,-74.005544,2
40.673349,-74.008235,2
40.673031,-74.00485,2
40.672969,-74.006915,2
40.672214000000004,-74.004145,2
40.671167,-74.003688,2
40.672356,-74.004046,2
40.672413,-74.00430300000001,2
40.672289,-74.003744,2
40.672515000000004,-74.004648,2
40.672413,-74.00430300000001,2
40.680828999999996,-73.975098,2
40.71087,-73.951311,2
40.713851,-73.95954,2
40.715227,-73.96274100000001,2
40.68065,-73.974375,2
40.719246000000005,-73.958612,2
40.714191,-73.951552,2
40.71308,-73.951285,2
40.711665999999994,-73.951026,2
40.709571999999994,-73.95070600000001,2
40.723014,-73.953234,2
40.722533,-73.954689,2
40.716431,-73.961287,2
40.717658,-73.960301,2
40.680426000000004,-73.967999,2
40.719066999999995,-73.962765,2
40.715732,-73.96424300000001,2
40.712268,-73.95561,2
40.71413,-73.950283,2
40.714498,-73.961095,2
40.718513,-73.95723100000001,2
40.713914,-73.96693,2
40.722504,-73.959202,2
40.719404,-73.960474,2
40.71685,-73.960841,2
40.721383,-73.960352,2
40.721942999999996,-73.959775,2
40.723290000000006,-73.952603,2
40.681596,-73.97703800000001,2
40.680323,-73.978034,2
40.679501,-73.978465,2
40.675253999999995,-73.98146899999999,2
40.672678999999995,-73.983161,2
40.672242,-73.983627,2
40.667873,-73.987509,2
40.666539,-73.988378,2
40.66623,-73.98905699999999,2
40.666903999999995,-73.991789,2
40.664406,-73.99371500000001,2
40.662189,-73.99601700000001,2
40.658808,-73.99953199999999,2
40.657703999999995,-74.00068900000001,2
40.656384,-74.002053,2
40.655438000000004,-74.00305,2
40.654133,-74.00440400000001,2
40.681039,-73.97573,2
40.682268,-73.967753,2
40.680888,-73.964668,2
40.680238,-73.964511,2
40.678540000000005,-73.96373,2
40.67754,-73.901951,2
40.677895,-73.90299,2
40.677862,-73.904301,2
40.677845,-73.905901,2
40.65123,-73.94206199999999,2
40.650946999999995,-73.945545,2
40.650962,-73.947834,2
40.648733,-73.952414,2
40.648689000000005,-73.955962,2
40.648607,-73.95782,2
40.718187,-73.959688,2
40.69275,-74.0162,2
40.69272,-74.01578,2
40.68873,-74.01733,2
40.69253,-74.01454,2
40.69023,-74.01465,2
40.69017,-74.01444000000001,2
40.68959,-74.0134,2
40.68934,-74.01467,2
40.68857,-74.0147,2
40.69274,-74.01477,2
40.6886,-74.01455,2
40.69231,-74.01475,2
40.69034,-74.01314,2
40.69041,-74.01767,2
40.6892,-74.01696,2
40.69032,-74.01331,2
40.68655,-74.02098000000001,2
40.68846,-74.02255,2
40.68923,-74.02185,2
40.687259999999995,-74.02251,2
40.6863,-74.02402,2
40.57776,-73.94556,2
40.57798,-73.94355,2
40.57696,-73.94359,2
40.57687,-73.94459,2
40.57817,-73.94181999999999,2
40.57829,-73.94091,2
40.57843,-73.93907,2
40.578379999999996,-73.93992,2
40.578109999999995,-73.94273000000001,2
40.577870000000004,-73.9446,2
40.57622,-73.94552,2
40.5761,-73.94698000000001,2
40.57696,-73.94359,2
40.68517,-74.02526,2
40.57696,-73.94359,2
40.57687,-73.94459,2
40.70254,-73.923816,2
40.703041,-73.92362800000001,2
40.69186,-73.988721,2
40.691677,-73.98884100000001,2
40.691569,-73.988711,2
40.690137,-73.983226,2
40.690072,-73.982325,2
40.690233,-73.981328,2
40.689966999999996,-73.98121400000001,2
40.689989000000004,-73.980928,2
40.690622,-73.981414,2
40.690883,-73.98963499999999,2
40.690883,-73.98963499999999,2
40.690883,-73.98963499999999,2
40.690883,-73.98963499999999,2
40.690883,-73.98963499999999,2
40.677193,-74.008723,2
40.677193,-74.008723,2
40.677193,-74.008723,2
40.61299,-74.012924,2
40.71996,-73.98147800000001,2
40.720102000000004,-73.98129899999999,2
40.689319,-73.987162,2
40.689319,-73.987162,2
40.689319,-73.987162,2
40.702978,-73.924737,2
40.703308,-73.924087,2
40.603993,-73.93067099999999,2
40.604068,-73.93075999999999,2
40.605008000000005,-73.930027,2
40.606029,-73.928466,2
40.604383,-73.931063,2
40.65831,-73.94406,2
40.706600199899995,-74.0031966998,2
40.705101000300004,-74.0026015994,2
40.704799700100004,-74.0022963999,2
40.7070998998,-74.00499730060001,2
40.706501000100005,-74.0045012998,2
40.7062988002,-74.0061035001,2
40.7048987998,-74.0093001995,2
40.7047004998,-74.0089035001,2
40.7047004998,-74.00830080029999,2
40.720079,-73.949511,2
40.720079,-73.949511,2
40.720079,-73.949511,2
40.625004,-74.017875,2
40.625313,-74.017344,2
40.62588,-74.016509,2
40.62638,-74.01579,2
40.626553,-74.016787,2
40.715088,-73.960502,2
40.715088,-73.960502,2
40.724925,-74.00579499999999,2
40.6915,-73.9755,2
40.6898,-73.9462,2
40.663256,-73.976164,2
40.663019,-73.976292,2
40.7201,-73.9502,2
40.6509,-73.9683,2
40.7099,-73.96244,2
40.727284000000004,-74.00540699999999,2
40.576111,-73.984734,2
40.57585,-73.9835,2
40.57564,-73.98567,2
40.7015,-73.9943,2
40.715727,-74.00718499999999,2
40.727115000000005,-74.003502,2
40.71904,-73.99663100000001,2
40.725335,-74.007554,2
40.726889,-74.007487,2
40.727978,-74.006987,2
40.731159999999996,-73.994079,2
40.729831,-73.98665799999999,2
40.721425,-73.993454,2
40.71792,-73.99494,2
40.719679,-74.004974,2
40.730232,-73.989262,2
40.719215000000005,-73.98985,2
40.72358,-73.98839,2
40.727794,-73.985325,2
40.728126,-73.98508299999999,2
40.728823999999996,-73.98468000000001,2
40.689026,-73.980862,2
40.623001,-73.984689,2
40.623315000000005,-73.985265,2
40.623831,-73.983592,2
40.624244,-73.984404,2
40.623457,-73.982884,2
40.694837,-73.918627,2
40.694769,-73.91851,2
40.68992,-73.94646999999999,2
40.710688,-74.01102900000001,2
40.718610999999996,-73.988114,2
40.718315000000004,-73.987437,2
40.713715,-73.990173,2
40.710374,-74.007582,2
40.709416,-74.006571,2
40.710368,-74.009509,2
40.71417,-73.999153,2
40.710196999999994,-74.00769100000001,2
40.723402,-73.989938,2
40.717304,-73.956872,2
40.714565,-73.944053,2
40.724329,-73.997702,2
40.733422,-74.00290600000001,2
40.728251,-74.005367,2
40.730328,-73.99262900000001,2
40.719527,-74.001775,2
40.718383,-74.00046,2
40.713282,-74.006978,2
40.720279999999995,-73.993915,2
40.718092,-73.999892,2
40.732338,-74.000495,2
40.726227,-74.003739,2
40.720824,-74.005229,2
40.714110999999995,-74.008585,2
40.712582,-74.009781,2
40.718267,-73.993753,2
40.722854,-74.006277,2
40.719318,-74.006886,2
40.715478000000004,-74.009266,2
40.707513,-74.01378299999999,2
40.713051,-74.008811,2
40.706821000000005,-74.0091,2
40.722301,-73.997141,2
40.6943,-73.9988,2
40.68063,-73.99538199999999,2
40.68063,-73.99538199999999,2
40.693000000000005,-74.0019,2
40.664165999999994,-73.95092,2
40.663094,-73.976292,2
40.663381,-73.976083,2
40.71025,-73.99798,2
40.71025,-73.99798,2
40.71025,-73.99798,2
40.71025,-73.99798,2
40.71025,-73.99798,2
40.7016,-74.0149,2
40.703,-74.0168,2
40.696675,-73.997656,2
40.696989,-73.997486,2
40.697344,-73.997333,2
40.697669,-73.99718299999999,2
40.698103,-73.996944,2
40.696732,-73.990349,2
40.7154881544,-74.0162138359,2
40.605690343,-73.9862316255,2
40.6230645344,-73.98944676720001,2
40.712307,-74.006961,2
40.70935,-74.00990300000001,2
40.672343526300004,-73.9682243829,2
40.645912124,-74.0136300012,2
40.687379094099995,-73.96603066600001,2
40.707199099600004,-74.0037002996,2
40.7070998997,-74.0036011004,2
40.7070006997,-74.0035019003,2
40.652771,-73.94986999999999,2
40.724614,-73.987336,2
40.729436,-73.983824,2
40.708921999999994,-73.94339000000001,2
40.687594,-73.98706800000001,2
40.728621999999994,-73.98441899999999,2
40.663827000000005,-73.950775,2
40.66355,-73.99124599999999,2
40.641858,-73.962836,2
40.674265999999996,-73.950234,2
40.676409,-73.98029,2
40.673527,-73.950078,2
40.679485,-73.949523,2
40.678818,-73.949579,2
40.677504,-73.949697,2
40.672114,-73.950214,2
40.669167,-73.950502,2
40.662438,-73.95060500000001,2
40.6344746052,-73.8893046486,2
40.660732,-73.950727,2
40.657740000000004,-73.950407,2
40.68721,-73.981719,2
40.70878,-73.959183,2
40.678268,-73.949798,2
40.65532,-73.949966,2
40.717095,-73.990581,2
40.706821999999995,-73.950529,2
40.701419,-73.942908,2
40.705371,-73.949963,2
40.707208,-73.954195,2
40.667346,-73.95080899999999,2
40.7133330705,-73.9964898664,2
40.718198,-74.00004799999999,2
40.714508,-73.99249,2
40.732884000000006,-74.000238,2
40.730258,-74.006629,2
40.69335,-73.985788,2
40.69189,-73.982488,2
40.693636,-73.98834699999999,2
40.6834588325,-73.9785414755,2
40.651925081,-73.9582421825,2
40.6818101974,-73.9561085144,2
40.6557102014,-73.91493838560001,2
40.71025,-73.99798,2
40.689334,-73.981975,2
40.730255,-73.997991,2
40.656652,-73.9502,2
40.695038000000004,-73.98733100000001,2
40.691224,-73.98662,2
40.729564,-74.005462,2
40.687119,-73.975375,2
40.725004,-73.987039,2
40.721773,-73.989421,2
40.732308,-74.006415,2
40.731593,-74.006408,2
40.719504,-73.989474,2
40.72765,-73.985119,2
40.729558000000004,-74.002385,2
40.670646999999995,-73.950352,2
40.639278000000004,-74.03209100000001,2
40.639231,-74.031933,2
40.639292,-74.031896,2
40.689334,-73.981975,2
40.689334,-73.981975,2
40.691224,-73.98662,2
40.689633,-73.983165,2
40.689633,-73.983165,2
40.689633,-73.983165,2
40.689633,-73.983165,2
40.689633,-73.983165,2
40.692144,-73.98678699999999,2
40.692144,-73.98678699999999,2
40.689334,-73.981975,2
40.685308,-73.97447199999999,2
40.685308,-73.97447199999999,2
40.688825,-73.982302,2
40.688825,-73.982302,2
40.693069,-73.990089,2
40.693069,-73.990089,2
40.693069,-73.990089,2
40.693069,-73.990089,2
40.696652,-73.986074,2
40.696652,-73.986074,2
40.696652,-73.986074,2
40.720079,-73.949511,2
40.720079,-73.949511,2
40.729564,-74.005462,2
40.729564,-74.005462,2
40.729564,-74.005462,2
40.729564,-74.005462,2
40.732141999999996,-73.99862900000001,2
40.731863,-73.997778,2
40.731351000000004,-73.99684,2
40.730975,-73.99607900000001,2
40.729856,-73.997476,2
40.730394,-73.998476,2
40.731844,-73.999042,2
40.71025,-73.99798,2
40.71025,-73.99798,2
40.598257000000004,-74.00014,2
40.5977,-74.00027,2
40.597584999999995,-74.001112,2
40.597176,-74.000282,2
40.597153999999996,-73.999685,2
40.597161,-74.001359,2
40.59815,-74.00113499999999,2
40.657028000000004,-73.903152,2
40.657213,-73.901808,2
40.6567,-73.9028,2
40.6564,-73.9027,2
40.6561,-73.9025,2
40.6562,-73.90257,2
40.6561,-73.90276,2
40.6521,-73.90286,2
40.6559,-73.90285,2
40.573739,-73.981894,2
40.573218,-73.981827,2
40.573218,-73.981826,2
40.574278,-73.981996,2
40.574582,-73.977901,2
40.574915000000004,-73.977867,2
40.574062,-73.977982,2
40.573491,-73.977863,2
40.573527,-73.977563,2
40.573551,-73.977366,2
40.573551,-73.977366,2
40.573439,-73.978297,2
40.573432000000004,-73.97851,2
40.573381,-73.978872,2
40.573384000000004,-73.978937,2
40.573384000000004,-73.978937,2
40.573428,-73.979853,2
40.573409999999996,-73.98034399999999,2
40.573276,-73.979855,2
40.573266,-73.980012,2
40.573253,-73.980143,2
40.573227,-73.980356,2
40.572784000000006,-73.985629,2
40.572675,-73.985618,2
40.572675,-73.985618,2
40.572669,-73.985747,2
40.572669,-73.985747,2
40.572664,-73.986039,2
40.703654,-73.94268199999999,2
40.723118,-74.008139,2
40.72287,-74.00798,2
40.725291,-73.98684200000001,2
40.72922,-73.983979,2
40.723807,-73.988224,2
40.690635,-73.981824,2
40.720188,-73.99306800000001,2
40.717168,-73.99907900000001,2
40.681346000000005,-73.994047,2
40.716355,-73.991198,2
40.694726,-73.994227,2
40.679364,-73.930729,2
40.678822,-73.92078599999999,2
40.655746,-74.00654899999999,2
40.702936,-73.942563,2
40.702247,-73.942287,2
40.676752,-73.949935,2
40.676976,-73.949916,2
40.682133,-73.973933,2
40.69828,-73.99255500000001,2
40.688039,-73.981872,2
40.685787,-73.97332,2
40.684549,-73.970225,2
40.683591,-73.967093,2
40.683077000000004,-73.96463299999999,2
40.6822,-73.961648,2
40.668156,-73.958801,2
40.654703999999995,-73.959568,2
40.652457,-73.959115,2
40.650028999999996,-73.958502,2
40.649115,-73.958291,2
40.646179,-73.958203,2
40.645262,-73.95814399999999,2
40.647887,-73.958051,2
40.643941,-73.95799,2
40.671355,-73.95779300000001,2
40.675140999999996,-73.956281,2
40.675745,-73.956212,2
40.676714000000004,-73.95585799999999,2
40.681853000000004,-73.958535,2
40.681315000000005,-73.95620100000001,2
40.680951,-73.955704,2
40.679505999999996,-73.955431,2
40.679987,-73.949473,2
40.680273,-73.946155,2
40.680197,-73.944903,2
40.680059,-73.94226,2
40.679752,-73.93910100000001,2
40.679815000000005,-73.937627,2
40.679561,-73.9355,2
40.679381,-73.929834,2
40.679015,-73.921802,2
40.678286,-73.912185,2
40.678312,-73.910253,2
40.678036,-73.90762,2
40.65159,-73.932187,2
40.666203,-73.950913,2
40.642875,-73.957574,2
40.675965000000005,-73.950008,2
40.670115,-73.950627,2
40.670147,-73.950397,2
40.714446,-73.945948,2
40.713913,-73.94420600000001,2
40.678340000000006,-73.911946,2
40.716652,-73.997646,2
40.716869,-73.997578,2
40.720486,-73.989083,2
40.729449,-73.984309,2
40.726304,-73.986104,2
40.700990000000004,-73.94209000000001,2
40.701668,-73.942489,2
40.701541999999996,-73.94216899999999,2
40.70193,-73.942239,2
40.705059999999996,-73.942918,2
40.640665999999996,-73.955924,2
40.63856,-73.953603,2
40.632135,-73.946781,2
40.71777,-73.95786899999999,2
40.674556,-73.981936,2
40.677620000000005,-73.979738,2
40.679567999999996,-73.97406,2
40.679639,-73.97437099999999,2
40.678453000000005,-73.973253,2
40.664176,-73.990353,2
40.668533000000004,-73.986956,2
40.669018,-73.986317,2
40.669731,-73.985958,2
40.673534000000004,-73.982789,2
40.683625,-73.977006,2
40.688851,-73.980613,2
40.685218,-73.980867,2
40.686811999999996,-73.98496999999999,2
40.687901000000004,-73.993147,2
40.685390000000005,-73.99452600000001,2
40.682483000000005,-73.99575300000001,2
40.687497,-73.990023,2
40.687649,-73.980424,2
40.723403999999995,-74.008084,2
40.730672,-73.98924699999999,2
40.660871,-73.997387,2
40.659902,-73.998822,2
40.659745,-73.998986,2
40.656011,-74.00244599999999,2
40.653711,-74.005258,2
40.662588,-73.99225899999999,2
40.673691999999996,-73.962869,2
40.660852,-73.960581,2
40.658910999999996,-73.960426,2
40.651027,-73.946513,2
40.651047,-73.943969,2
40.651340999999995,-73.940166,2
40.699342,-73.992187,2
40.697588,-73.993029,2
40.69607,-73.991264,2
40.691234,-73.986384,2
40.690588,-73.984481,2
40.718803,-74.00019300000001,2
40.712792,-73.951418,2
40.714063,-73.950275,2
40.70722,-74.01334200000001,2
40.713243,-74.003401,2
40.725915,-73.994659,2
40.707557,-74.011862,2
40.706476,-74.01105600000001,2
40.725297,-73.996204,2
40.713065,-74.004131,2
40.6941,-73.991777,2
40.69218,-73.98594200000001,2
40.683665999999995,-73.97881,2
40.677316,-73.98311,2
40.670846999999995,-73.988302,2
40.655144,-74.00354899999999,2
40.648939,-74.010006,2
40.684459999999994,-73.97689,2
40.67705,-73.972367,2
40.711926,-73.94067,2
40.706152,-73.93314699999999,2
40.706607,-73.922913,2
40.703811,-73.918425,2
40.699814,-73.911586,2
40.682829,-73.905249,2
40.699337,-73.990531,2
40.692338,-73.987342,2
40.688484,-73.985001,2
40.686113,-73.973946,2
40.683263000000004,-73.965838,2
40.68138,-73.956848,2
40.680438,-73.95042600000001,2
40.679921,-73.940859,2
40.699743,-73.986885,2
40.686145,-73.99086199999999,2
40.680303,-73.995048,2
40.660365000000006,-73.979493,2
40.650782,-73.975776,2
40.706092,-73.95030799999999,2
40.700377,-73.950234,2
40.694568,-73.949046,2
40.689627,-73.95352199999999,2
40.688873,-73.96007,2
40.688089,-73.96683900000001,2
40.693219,-73.989998,2
40.690545,-73.985065,2
40.684359,-73.977666,2
40.675235,-73.971046,2
40.671987,-73.964375,2
40.670682,-73.95813100000001,2
40.669847,-73.950466,2
40.669399,-73.942161,2
40.668896999999994,-73.93294200000001,2
40.667883,-73.950683,2
40.662742,-73.95085,2
40.650843,-73.949575,2
40.645098,-73.948959,2
40.639967,-73.948411,2
40.632836,-73.947642,2
40.730053999999996,-73.99107,2
40.692403999999996,-73.990151,2
40.704817,-74.014065,2
40.707739000000004,-73.93985,2
40.703087,-74.01299399999999,2
40.660396999999996,-73.998091,2
40.641362,-74.017881,2
40.629742,-74.02551,2
40.622687,-74.028398,2
40.616622,-74.030876,2
40.666271,-73.980305,2
40.644040999999994,-73.979678,2
40.689966999999996,-73.992083,2
40.688246,-73.980492,2
40.604137,-73.93043,2
40.673752,-73.934892,2
40.692723,-73.983025,2
40.6571,-73.9027,2
40.678334,-73.905316,2
40.682932,-73.963959,2
40.68789,-73.978202,2
40.680556,-73.95138100000001,2
40.680015000000004,-73.943843,2
40.67896,-73.924424,2
40.679232,-73.927098,2
40.678653999999995,-73.916507,2
40.678354,-73.911008,2
40.678079,-73.908374,2
40.6688,-73.95871700000001,2
40.669652,-73.958261,2
40.670318,-73.95817199999999,2
40.688672,-73.98371,2
40.688449,-73.982472,2
40.687814,-73.981284,2
40.686961,-73.976371,2
40.665618,-73.989159,2
40.667305,-73.98797900000001,2
40.680732,-73.977446,2
40.718033,-74.001016,2
40.717828000000004,-74.000962,2
40.717482000000004,-74.00151899999999,2
40.717240999999994,-74.001739,2
40.716682,-74.002253,2
40.716033,-74.00256999999999,2
40.715484000000004,-74.002667,2
40.729236,-73.987081,2
40.728756,-73.987914,2
40.72848,-73.987876,2
40.728232,-73.987818,2
40.728027000000004,-73.987965,2
40.728158,-73.988125,2
40.72746,-73.988372,2
40.726263,-73.989248,2
40.726471000000004,-73.989351,2
40.726048999999996,-73.989403,2
40.725640999999996,-73.989698,2
40.721716,-73.99334300000001,2
40.720596,-73.994075,2
40.719907,-73.994066,2
40.703311,-74.009985,2
40.70391,-74.00908199999999,2
40.705044,-74.007322,2
40.706241999999996,-74.006244,2
40.677589000000005,-73.973062,2
40.676134000000005,-73.971836,2
40.672748,-73.962694,2
40.675659,-73.963553,2
40.672302,-73.957458,2
40.676408,-73.96361,2
40.687457,-73.98192,2
40.690594,-73.987998,2
40.679142999999996,-73.925474,2
40.757484999999996,-73.868589,3
40.846314,-73.824472,3
40.847596,-73.82223,3
40.848159,-73.82107099999999,3
40.848321999999996,-73.82075,3
40.849233,-73.82105,3
40.849196,-73.821055,3
40.850208,-73.821752,3
40.850232,-73.821777,3
40.733142,-73.870981,3
40.733185999999996,-73.871128,3
40.755835,-73.881778,3
40.70104,-73.82471899999999,3
40.7221,-73.8466,3
40.7432,-73.8443,3
40.694140000000004,-73.850569,3
40.718812,-73.88535999999999,3
40.720231,-73.877806,3
40.720597999999995,-73.877337,3
40.721026,-73.877935,3
40.71921,-73.885335,3
40.8476919036,-73.786366589,3
40.7451505182,-73.7148377572,3
40.593146783,-73.7840400286,3
40.7070105556,-73.75379667119999,3
40.6945465785,-73.8614464594,3
40.7198855543,-73.7390438189,3
40.7259184856,-73.8207190696,3
40.768225432,-73.7382294408,3
40.6727060872,-73.8740334898,3
40.786249136,-73.84601327840001,3
40.7221469532,-73.84301499680001,3
40.8442926727,-73.82788990729999,3
40.7637503163,-73.8098334843,3
40.6599636231,-73.7399110132,3
40.6651593697,-73.8860705368,3
40.7374341379,-73.8616559293,3
40.7501960856,-73.8850693247,3
40.727316560300004,-73.864502826,3
40.773752108800004,-73.796343186,3
40.757711898800004,-73.86820029569999,3
40.7885314443,-73.8107165591,3
40.6532640727,-73.88590904760001,3
40.7100345578,-73.81945312010001,3
40.680687107,-73.887239509,3
40.6947772916,-73.7396425691,3
40.7711255247,-73.8269158096,3
40.7577740683,-73.82888468510001,3
40.7344862637,-73.75568167109999,3
40.733034241599995,-73.8098798843,3
40.676952728,-73.7456735613,3
40.7415435746,-73.7822740472,3
40.7575456796,-73.7843029637,3
40.7508940804,-73.861976844,3
40.7269953701,-73.8931045649,3
40.7624221297,-73.87386663,3
40.735156990300005,-73.7170989707,3
40.7825312039,-73.777008814,3
40.5858394078,-73.8160616201,3
40.7201684296,-73.7623041123,3
40.7592451348,-73.7318266816,3
40.6803113116,-73.7916786111,3
40.7025766648,-73.8757971089,3
40.686907288200004,-73.8248296985,3
40.7292529463,-73.7819089166,3
40.6638044606,-73.8417968638,3
40.8266092254,-73.85018145789999,3
40.8229035714,-73.8190936365,3
40.6728752044,-73.77059021609999,3
40.7051723129,-73.902572375,3
40.604772113,-73.75209189270001,3
40.695540146599996,-73.7902273917,3
40.6007321052,-73.8200526582,3
40.6747769261,-73.8092618174,3
40.7111856291,-73.8536727785,3
40.6808618482,-73.8464887284,3
40.700765268000005,-73.8316254169,3
40.705962093800004,-73.7944075307,3
40.7601255812,-73.76836198069999,3
40.5793908722,-73.8377356028,3
40.586556,-73.799894,3
40.586541,-73.799973,3
40.584669,-73.811051,3
40.584551,-73.811003,3
40.584614,-73.810694,3
40.584727,-73.810683,3
40.58305,-73.817686,3
40.582914,-73.817877,3
40.582824,-73.817578,3
40.582957,-73.817185,3
40.583099,-73.816689,3
40.580559,-73.826296,3
40.580467,-73.826272,3
40.580555,-73.825958,3
40.580704,-73.825969,3
40.580352000000005,-73.826621,3
40.691734000000004,-73.865015,3
40.693166,-73.853678,3
40.693740000000005,-73.85255699999999,3
40.694676,-73.848587,3
40.695048,-73.84665600000001,3
40.695221000000004,-73.841187,3
40.69542,-73.840551,3
40.695913,-73.83881,3
40.696331,-73.83784200000001,3
40.697047,-73.837293,3
40.697902,-73.835657,3
40.698095,-73.834847,3
40.700635,-73.827097,3
40.692607,-73.856454,3
40.707531,-73.831361,3
40.706151,-73.831579,3
40.748798,-73.87355,3
40.691021,-73.868095,3
40.683506,-73.872079,3
40.683821,-73.87138,3
40.684061,-73.870537,3
40.684625,-73.868975,3
40.684702,-73.868309,3
40.685131,-73.866777,3
40.676475,-73.89716700000001,3
40.677222,-73.897464,3
40.676994,-73.898358,3
40.677043,-73.899212,3
40.658384999999996,-73.88758299999999,3
40.73121,-73.774084,3
40.730544,-73.776718,3
40.730123999999996,-73.77385699999999,3
40.730123999999996,-73.77385699999999,3
40.726811,-73.77586099999999,3
40.729869,-73.773841,3
40.730821999999996,-73.884479,3
40.730489,-73.8842,3
40.728838,-73.883751,3
40.840657,-73.842668,3
40.840657,-73.842668,3
40.840672,-73.842602,3
40.846052,-73.82495,3
40.757446,-73.866434,3
40.74726,-73.80286,3
40.749140000000004,-73.8027,3
40.75,-73.80506,3
40.750170000000004,-73.80719,3
40.747609999999995,-73.8117,3
40.74756,-73.81815,3
40.678334,-73.783477,3
40.6676,-73.78941999999999,3
40.68161,-73.78825,3
40.68053,-73.78747,3
40.679629999999996,-73.78745,3
40.683009999999996,-73.78482,3
40.68462,-73.78589000000001,3
40.68495,-73.78721999999999,3
40.67814,-73.78711,3
40.67662,-73.78695,3
40.67934,-73.78444,3
40.68079,-73.78468000000001,3
40.67268,-73.78678000000001,3
40.67318,-73.78517,3
40.67609,-73.78254,3
40.674859999999995,-73.78412,3
40.675059999999995,-73.78744,3
40.67454,-73.78955,3
40.6714,-73.78860999999999,3
40.669779999999996,-73.78896,3
40.821599,-73.826654,3
40.816435999999996,-73.83829200000001,3
40.821068,-73.82621,3
40.820619,-73.825839,3
40.818063,-73.82387,3
40.817732,-73.82368000000001,3
40.816357,-73.83744899999999,3
40.815346000000005,-73.837671,3
40.816412,-73.833998,3
40.818752,-73.82455999999999,3
40.7596,-73.83003000000001,3
40.702566,-73.816859,3
40.771229,-73.80905,3
40.769751,-73.808748,3
40.769652,-73.807508,3
40.769535999999995,-73.80596800000001,3
40.770532,-73.80550699999999,3
40.75141,-73.82472,3
40.75014,-73.82284,3
40.7437,-73.81732,3
40.74366,-73.81396,3
40.745490000000004,-73.81357,3
40.74243,-73.81151,3
40.748490000000004,-73.82121,3
40.743809999999996,-73.80419,3
40.74191,-73.80816,3
40.74589,-73.80341999999999,3
40.675979,-73.765364,3
40.679472,-73.77069300000001,3
40.679963,-73.767752,3
40.739353,-73.736825,3
40.739546999999995,-73.73592,3
40.739739,-73.73504100000001,3
40.739909000000004,-73.73458000000001,3
40.740214,-73.734311,3
40.75797,-73.825241,3
40.75858,-73.825078,3
40.7078731318,-73.79467803989999,3
40.7129435708,-73.88086427340001,3
40.7429309465,-73.82516996390001,3
40.748551,-73.875775,3
40.748049,-73.879386,3
40.74909,-73.87181700000001,3
40.747543,-73.884098,3
40.692106,-73.861994,3
40.720735,-73.845887,3
40.721177000000004,-73.845607,3
40.739332,-73.87813,3
40.740737,-73.87935999999999,3
40.740937,-73.879925,3
40.743024,-73.882923,3
40.743563,-73.88378900000001,3
40.745761,-73.889451,3
40.746046,-73.890121,3
40.749829,-73.884155,3
40.720245,-73.84464399999999,3
40.720017,-73.844787,3
40.692451,-73.860858,3
40.741991,-73.881065,3
40.74835,-73.87652299999999,3
40.747729,-73.88366500000001,3
40.722499,-73.85077700000001,3
40.695248,-73.84311,3
40.747981,-73.880027,3
40.749606,-73.885072,3
40.747539,-73.885498,3
40.695225,-73.845226,3
40.730422999999995,-73.777129,3
40.6925280532,-73.760108788,3
40.8471,-73.822992,3
40.846606,-73.823952,3
40.738581457399995,-73.8767587664,3
40.739154,-73.737718,3
40.584485,-73.811217,3
40.733106,-73.869229,3
40.742453999999995,-73.882017,3
40.709179,-73.820574,3
40.721691,-73.844521,3
40.705459999999995,-73.81070799999999,3
40.702147,-73.801109,3
40.712646,-73.783817,3
40.737015,-73.877223,3
40.707564,-73.803326,3
40.71047,-73.793604,3
40.729846,-73.861604,3
40.726523,-73.852719,3
40.700486,-73.807969,3
40.718331,-73.837324,3
40.714441,-73.831008,3
40.746644,-73.891338,3
40.695256,-73.84284,3
40.710817999999996,-73.835528,3
40.709773,-73.835599,3
40.710688,-73.835515,3
40.658662,-73.88776999999999,3
40.658148,-73.88744,3
40.720508,-73.884938,3
40.718224,-73.882524,3
40.7197,-73.877119,3
40.685615999999996,-73.852882,3
40.686245,-73.853854,3
40.687073,-73.853153,3
40.686889,-73.854035,3
40.731675,-73.865607,3
40.732253,-73.865623,3
40.732686,-73.86511899999999,3
40.731675,-73.865607,3
40.731675,-73.865607,3
40.579986,-73.82985500000001,3
40.577846,-73.835761,3
40.577878000000005,-73.835788,3
40.577898,-73.835601,3
40.577871,-73.83566400000001,3
40.596478999999995,-73.744988,3
40.596374,-73.745389,3
40.596321,-73.745791,3
40.596197,-73.746262,3
40.595714,-73.747247,3
40.595591999999996,-73.747612,3
40.687262,-73.769814,3
40.68716,-73.76981500000001,3
40.687191,-73.769559,3
40.687191,-73.769559,3
40.687191,-73.769559,3
40.687191,-73.769559,3
40.687191,-73.769559,3
40.687191,-73.769559,3
40.687191,-73.769559,3
40.687191,-73.769559,3
40.687191,-73.769559,3
40.687191,-73.769559,3
40.687191,-73.769559,3
40.687191,-73.769559,3
40.687191,-73.769559,3
40.687191,-73.769559,3
40.602349,-73.751402,3
40.602349,-73.751402,3
40.602349,-73.751402,3
40.602349,-73.751402,3
40.694095000000004,-73.821334,3
40.694165000000005,-73.82236800000001,3
40.695077000000005,-73.822817,3
40.694624,-73.820593,3
40.695132,-73.820841,3
40.70389,-73.78570500000001,3
40.702982,-73.785122,3
40.702057,-73.784529,3
40.702707000000004,-73.783594,3
40.703373,-73.783924,3
40.704265,-73.784562,3
40.748311,-73.878165,3
40.746966,-73.889705,3
40.694697,-73.847844,3
40.74749,-73.884689,3
40.747059,-73.88882,3
40.746711,-73.892145,3
40.747627,-73.884644,3
40.749112,-73.87062399999999,3
40.748878000000005,-73.871463,3
40.746707,-73.89344799999999,3
40.691902,-73.863262,3
40.692671999999995,-73.857547,3
40.69145,-73.866734,3
40.747451,-73.884987,3
40.74667,-73.89249000000001,3
40.748253000000005,-73.878716,3
40.748971000000004,-73.870489,3
40.746624,-73.892356,3
40.749459,-73.886455,3
40.749532,-73.885832,3
40.733342,-73.870838,3
40.726495,-73.853138,3
40.726695,-73.85392900000001,3
40.727095,-73.854789,3
40.748595,-73.87420300000001,3
40.747223,-73.888492,3
40.748168,-73.879511,3
40.746798,-73.891215,3
40.747741999999995,-73.88226999999999,3
40.747971,-73.881387,3
40.748869,-73.87293299999999,3
40.748708,-73.87439300000001,3
40.747991,-73.88203399999999,3
40.747603000000005,-73.885751,3
40.748020000000004,-73.880924,3
40.747412,-73.887615,3
40.693963000000004,-73.851185,3
40.727489,-73.856071,3
40.72785,-73.856848,3
40.728066999999996,-73.857446,3
40.733579,-73.871648,3
40.733889000000005,-73.872709,3
40.734162,-73.87365799999999,3
40.735387,-73.876254,3
40.736273,-73.877364,3
40.736982,-73.880315,3
40.737777,-73.883978,3
40.739393,-73.892498,3
40.739922,-73.895296,3
40.695603000000006,-73.839607,3
40.695205,-73.84559499999999,3
40.692465999999996,-73.858948,3
40.674541999999995,-73.896548,3
40.672709999999995,-73.89035799999999,3
40.67413,-73.88075,3
40.747153000000004,-73.88792600000001,3
40.675377000000005,-73.872106,3
40.677044,-73.86505,3
40.697563,-73.83628,3
40.6989,-73.833834,3
40.699754,-73.831609,3
40.699895,-73.831098,3
40.699841,-73.830936,3
40.700159,-73.830914,3
40.700864,-73.826551,3
40.700926,-73.826205,3
40.713167,-73.829809,3
40.717664,-73.836262,3
40.719293,-73.839741,3
40.721526000000004,-73.844884,3
40.726082,-73.852197,3
40.726240999999995,-73.852519,3
40.728299,-73.858076,3
40.734545000000004,-73.874705,3
40.734922999999995,-73.87546,3
40.737206,-73.88094,3
40.738208,-73.886253,3
40.695602,-73.904084,3
40.688764,-73.904046,3
40.706357000000004,-73.79220500000001,3
40.706507,-73.79236800000001,3
40.713983,-73.830838,3
40.715758,-73.833513,3
40.684317,-73.869636,3
40.701827,-73.807661,3
40.701853,-73.806477,3
40.703452,-73.800352,3
40.70402,-73.79869000000001,3
40.703352,-73.79992299999999,3
40.705839000000005,-73.79373000000001,3
40.705143,-73.795897,3
40.705971000000005,-73.793787,3
40.702734,-73.802019,3
40.703769,-73.79934300000001,3
40.703895,-73.799018,3
40.703928000000005,-73.79847,3
40.704355,-73.797865,3
40.704215999999995,-73.79774300000001,3
40.704609000000005,-73.796801,3
40.704687,-73.79661999999999,3
40.718602000000004,-73.838184,3
40.738109,-73.885717,3
40.720671,-73.842845,3
40.718953000000006,-73.838976,3
40.71796,-73.836805,3
40.717211999999996,-73.83549599999999,3
40.714861,-73.832341,3
40.711071999999994,-73.82816,3
